Latitude,Longitude,DIST_LGD,DISTRICT,STATE_LGD,STATE_UT,match
6.875,93.625,638,NICOBARS,35,ANDAMAN AND NICOBAR ISLANDS,overlap
6.875,93.875,638,NICOBARS,35,ANDAMAN AND NICOBAR ISLANDS,point
7.125,93.625,638,NICOBARS,35,ANDAMAN AND NICOBAR ISLANDS,overlap
7.125,93.875,638,NICOBARS,35,ANDAMAN AND NICOBAR ISLANDS,point
7.375,93.625,638,NICOBARS,35,ANDAMAN AND NICOBAR ISLANDS,point
7.875,93.375,638,NICOBARS,35,ANDAMAN AND NICOBAR ISLANDS,overlap
7.875,93.625,638,NICOBARS,35,ANDAMAN AND NICOBAR ISLANDS,overlap
8.125,77.125,629,KANNIYAKUMARI,33,TAMIL NADU,overlap
8.125,77.375,629,KANNIYAKUMARI,33,TAMIL NADU,point
8.125,77.625,628,TIRUNELVELI,33,TAMIL NADU,overlap
8.125,77.875,628,TIRUNELVELI,33,TAMIL NADU,overlap
8.125,93.125,638,NICOBARS,35,ANDAMAN AND NICOBAR ISLANDS,overlap
8.125,93.375,638,NICOBARS,35,ANDAMAN AND NICOBAR ISLANDS,overlap
8.125,93.625,638,NICOBARS,35,ANDAMAN AND NICOBAR ISLANDS,overlap
8.375,73.125,587,Lakshadweep,31,LAKSHADWEEP,overlap
8.375,76.875,601,Thiruvananthapuram,32,KERALA,overlap
8.375,77.125,601,Thiruvananthapuram,32,KERALA,point
8.375,77.375,629,KANNIYAKUMARI,33,TAMIL NADU,point
8.375,77.625,628,TIRUNELVELI,33,TAMIL NADU,point
8.375,77.875,627,THOOTHUKUDI,33,TAMIL NADU,point
8.375,78.125,627,THOOTHUKUDI,33,TAMIL NADU,overlap
8.375,93.125,638,NICOBARS,35,ANDAMAN AND NICOBAR ISLANDS,overlap
8.375,93.625,638,NICOBARS,35,ANDAMAN AND NICOBAR ISLANDS,overlap
8.625,76.625,601,Thiruvananthapuram,32,KERALA,overlap
8.625,76.875,601,Thiruvananthapuram,32,KERALA,point
8.625,77.125,601,Thiruvananthapuram,32,KERALA,point
8.625,77.375,628,TIRUNELVELI,33,TAMIL NADU,point
8.625,77.625,628,TIRUNELVELI,33,TAMIL NADU,point
8.625,77.875,627,THOOTHUKUDI,33,TAMIL NADU,point
8.625,78.125,627,THOOTHUKUDI,33,TAMIL NADU,point
8.625,93.625,638,NICOBARS,35,ANDAMAN AND NICOBAR ISLANDS,overlap
8.875,76.625,600,Kollam,32,KERALA,point
8.875,76.875,600,Kollam,32,KERALA,point
8.875,77.125,600,Kollam,32,KERALA,point
8.875,77.375,764,TENKASI,33,TAMIL NADU,point
8.875,77.625,628,TIRUNELVELI,33,TAMIL NADU,point
8.875,77.875,627,THOOTHUKUDI,33,TAMIL NADU,point
8.875,78.125,627,THOOTHUKUDI,33,TAMIL NADU,point
8.875,78.375,627,THOOTHUKUDI,33,TAMIL NADU,overlap
8.875,92.875,638,NICOBARS,35,ANDAMAN AND NICOBAR ISLANDS,overlap
9.125,76.375,598,Alappuzha,32,KERALA,overlap
9.125,76.625,600,Kollam,32,KERALA,point
9.125,76.875,600,Kollam,32,KERALA,point
9.125,77.125,599,Pathanamthitta,32,KERALA,point
9.125,77.375,764,TENKASI,33,TAMIL NADU,point
9.125,77.625,764,TENKASI,33,TAMIL NADU,point
9.125,77.875,627,THOOTHUKUDI,33,TAMIL NADU,point
9.125,78.125,627,THOOTHUKUDI,33,TAMIL NADU,point
9.125,78.375,626,RAMANATHAPURAM,33,TAMIL NADU,point
9.125,78.625,626,RAMANATHAPURAM,33,TAMIL NADU,overlap
9.125,78.875,626,RAMANATHAPURAM,33,TAMIL NADU,overlap
9.125,79.125,626,RAMANATHAPURAM,33,TAMIL NADU,overlap
9.125,79.375,626,RAMANATHAPURAM,33,TAMIL NADU,overlap
9.125,92.625,638,NICOBARS,35,ANDAMAN AND NICOBAR ISLANDS,overlap
9.125,92.875,638,NICOBARS,35,ANDAMAN AND NICOBAR ISLANDS,overlap
9.375,76.375,598,Alappuzha,32,KERALA,point
9.375,76.625,599,Pathanamthitta,32,KERALA,point
9.375,76.875,599,Pathanamthitta,32,KERALA,point
9.375,77.125,599,Pathanamthitta,32,KERALA,point
9.375,77.375,764,TENKASI,33,TAMIL NADU,point
9.375,77.625,625,VIRUDHUNAGAR,33,TAMIL NADU,point
9.375,77.875,625,VIRUDHUNAGAR,33,TAMIL NADU,point
9.375,78.125,625,VIRUDHUNAGAR,33,TAMIL NADU,point
9.375,78.375,626,RAMANATHAPURAM,33,TAMIL NADU,point
9.375,78.625,626,RAMANATHAPURAM,33,TAMIL NADU,point
9.375,78.875,626,RAMANATHAPURAM,33,TAMIL NADU,point
9.375,79.125,626,RAMANATHAPURAM,33,TAMIL NADU,overlap
9.375,79.375,626,RAMANATHAPURAM,33,TAMIL NADU,overlap
9.625,76.375,598,Alappuzha,32,KERALA,point
9.625,76.625,597,Kottayam,32,KERALA,point
9.625,76.875,597,Kottayam,32,KERALA,point
9.625,77.125,596,Idukki,32,KERALA,point
9.625,77.375,624,THENI,33,TAMIL NADU,point
9.625,77.625,625,VIRUDHUNAGAR,33,TAMIL NADU,point
9.625,77.875,625,VIRUDHUNAGAR,33,TAMIL NADU,point
9.625,78.125,625,VIRUDHUNAGAR,33,TAMIL NADU,point
9.625,78.375,625,VIRUDHUNAGAR,33,TAMIL NADU,point
9.625,78.625,622,SIVAGANGA,33,TAMIL NADU,point
9.625,78.875,626,RAMANATHAPURAM,33,TAMIL NADU,point
9.625,79.125,626,RAMANATHAPURAM,33,TAMIL NADU,overlap
9.875,76.125,595,Ernakulam,32,KERALA,overlap
9.875,76.375,595,Ernakulam,32,KERALA,point
9.875,76.625,595,Ernakulam,32,KERALA,point
9.875,76.875,596,Idukki,32,KERALA,point
9.875,77.125,596,Idukki,32,KERALA,point
9.875,77.375,624,THENI,33,TAMIL NADU,point
9.875,77.625,624,THENI,33,TAMIL NADU,point
9.875,77.875,623,MADURAI,33,TAMIL NADU,point
9.875,78.125,623,MADURAI,33,TAMIL NADU,point
9.875,78.375,622,SIVAGANGA,33,TAMIL NADU,point
9.875,78.625,622,SIVAGANGA,33,TAMIL NADU,point
9.875,78.875,622,SIVAGANGA,33,TAMIL NADU,point
9.875,79.125,621,PUDUKKOTTAI,33,TAMIL NADU,overlap
10.125,73.625,587,Lakshadweep,31,LAKSHADWEEP,overlap
10.125,76.125,595,Ernakulam,32,KERALA,overlap
10.125,76.375,595,Ernakulam,32,KERALA,point
10.125,76.625,595,Ernakulam,32,KERALA,point
10.125,76.875,595,Ernakulam,32,KERALA,point
10.125,77.125,596,Idukki,32,KERALA,point
10.125,77.375,624,THENI,33,TAMIL NADU,point
10.125,77.625,624,THENI,33,TAMIL NADU,point
10.125,77.875,612,DINDIGUL,33,TAMIL NADU,point
10.125,78.125,623,MADURAI,33,TAMIL NADU,point
10.125,78.375,623,MADURAI,33,TAMIL NADU,point
10.125,78.625,622,SIVAGANGA,33,TAMIL NADU,point
10.125,78.875,622,SIVAGANGA,33,TAMIL NADU,point
10.125,79.125,621,PUDUKKOTTAI,33,TAMIL NADU,point
10.125,79.375,620,THANJAVUR,33,TAMIL NADU,overlap
10.375,76.125,594,Thrissur,32,KERALA,point
10.375,76.375,594,Thrissur,32,KERALA,point
10.375,76.625,594,Thrissur,32,KERALA,point
10.375,76.875,632,COIMBATORE,33,TAMIL NADU,point
10.375,77.125,633,TIRUPPUR,33,TAMIL NADU,point
10.375,77.375,612,DINDIGUL,33,TAMIL NADU,point
10.375,77.625,612,DINDIGUL,33,TAMIL NADU,point
10.375,77.875,612,DINDIGUL,33,TAMIL NADU,point
10.375,78.125,612,DINDIGUL,33,TAMIL NADU,point
10.375,78.375,614,TIRUCHIRAPPALLI,33,TAMIL NADU,point
10.375,78.625,621,PUDUKKOTTAI,33,TAMIL NADU,point
10.375,78.875,621,PUDUKKOTTAI,33,TAMIL NADU,point
10.375,79.125,621,PUDUKKOTTAI,33,TAMIL NADU,point
10.375,79.375,620,THANJAVUR,33,TAMIL NADU,point
10.375,79.625,619,THIRUVARUR,33,TAMIL NADU,point
10.375,79.875,618,NAGAPATTINAM,33,TAMIL NADU,overlap
10.625,72.625,587,Lakshadweep,31,LAKSHADWEEP,overlap
10.625,75.875,592,Malappuram,32,KERALA,overlap
10.625,76.125,594,Thrissur,32,KERALA,point
10.625,76.375,594,Thrissur,32,KERALA,point
10.625,76.625,593,Palakkad,32,KERALA,point
10.625,76.875,632,COIMBATORE,33,TAMIL NADU,point
10.625,77.125,632,COIMBATORE,33,TAMIL NADU,point
10.625,77.375,633,TIRUPPUR,33,TAMIL NADU,point
10.625,77.625,612,DINDIGUL,33,TAMIL NADU,point
10.625,77.875,612,DINDIGUL,33,TAMIL NADU,point
10.625,78.125,612,DINDIGUL,33,TAMIL NADU,point
10.625,78.375,614,TIRUCHIRAPPALLI,33,TAMIL NADU,point
10.625,78.625,621,PUDUKKOTTAI,33,TAMIL NADU,point
10.625,78.875,621,PUDUKKOTTAI,33,TAMIL NADU,point
10.625,79.125,621,PUDUKKOTTAI,33,TAMIL NADU,point
10.625,79.375,619,THIRUVARUR,33,TAMIL NADU,point
10.625,79.625,619,THIRUVARUR,33,TAMIL NADU,point
10.625,79.875,618,NAGAPATTINAM,33,TAMIL NADU,overlap
10.625,92.375,640,SOUTH ANDAMANS,35,ANDAMAN AND NICOBAR ISLANDS,overlap
10.625,92.625,640,SOUTH ANDAMANS,35,ANDAMAN AND NICOBAR ISLANDS,overlap
10.875,72.125,587,Lakshadweep,31,LAKSHADWEEP,overlap
10.875,75.875,592,Malappuram,32,KERALA,overlap
10.875,76.125,593,Palakkad,32,KERALA,point
10.875,76.375,593,Palakkad,32,KERALA,point
10.875,76.625,593,Palakkad,32,KERALA,point
10.875,76.875,632,COIMBATORE,33,TAMIL NADU,point
10.875,77.125,632,COIMBATORE,33,TAMIL NADU,point
10.875,77.375,633,TIRUPPUR,33,TAMIL NADU,point
10.875,77.625,633,TIRUPPUR,33,TAMIL NADU,point
10.875,77.875,613,KARUR,33,TAMIL NADU,point
10.875,78.125,613,KARUR,33,TAMIL NADU,point
10.875,78.375,613,KARUR,33,TAMIL NADU,point
10.875,78.625,614,TIRUCHIRAPPALLI,33,TAMIL NADU,point
10.875,78.875,614,TIRUCHIRAPPALLI,33,TAMIL NADU,point
10.875,79.125,620,THANJAVUR,33,TAMIL NADU,point
10.875,79.375,619,THIRUVARUR,33,TAMIL NADU,point
10.875,79.625,619,THIRUVARUR,33,TAMIL NADU,point
10.875,79.875,618,NAGAPATTINAM,33,TAMIL NADU,overlap
10.875,92.125,640,SOUTH ANDAMANS,35,ANDAMAN AND NICOBAR ISLANDS,overlap
10.875,92.375,640,SOUTH ANDAMANS,35,ANDAMAN AND NICOBAR ISLANDS,overlap
10.875,92.625,640,SOUTH ANDAMANS,35,ANDAMAN AND NICOBAR ISLANDS,overlap
11.125,72.625,587,Lakshadweep,31,LAKSHADWEEP,overlap
11.125,72.875,587,Lakshadweep,31,LAKSHADWEEP,overlap
11.125,75.875,592,Malappuram,32,KERALA,point
11.125,76.125,592,Malappuram,32,KERALA,point
11.125,76.375,592,Malappuram,32,KERALA,point
11.125,76.625,593,Palakkad,32,KERALA,point
11.125,76.875,632,COIMBATORE,33,TAMIL NADU,point
11.125,77.125,632,COIMBATORE,33,TAMIL NADU,point
11.125,77.375,633,TIRUPPUR,33,TAMIL NADU,point
11.125,77.625,633,TIRUPPUR,33,TAMIL NADU,point
11.125,77.875,610,ERODE,33,TAMIL NADU,point
11.125,78.125,609,NAMAKKAL,33,TAMIL NADU,point
11.125,78.375,614,TIRUCHIRAPPALLI,33,TAMIL NADU,point
11.125,78.625,614,TIRUCHIRAPPALLI,33,TAMIL NADU,point
11.125,78.875,615,PERAMBALUR,33,TAMIL NADU,point
11.125,79.125,616,ARIYALUR,33,TAMIL NADU,point
11.125,79.375,616,ARIYALUR,33,TAMIL NADU,point
11.125,79.625,696,MAYILADUTHURAI,33,TAMIL NADU,point
11.125,79.875,696,MAYILADUTHURAI,33,TAMIL NADU,overlap
11.375,72.875,587,Lakshadweep,31,LAKSHADWEEP,overlap
11.375,75.625,591,Kozhikode,32,KERALA,overlap
11.375,75.875,591,Kozhikode,32,KERALA,point
11.375,76.125,592,Malappuram,32,KERALA,point
11.375,76.375,592,Malappuram,32,KERALA,point
11.375,76.625,611,THE NILGIRIS,33,TAMIL NADU,point
11.375,76.875,611,THE NILGIRIS,33,TAMIL NADU,point
11.375,77.125,632,COIMBATORE,33,TAMIL NADU,point
11.375,77.375,610,ERODE,33,TAMIL NADU,point
11.375,77.625,610,ERODE,33,TAMIL NADU,point
11.375,77.875,609,NAMAKKAL,33,TAMIL NADU,point
11.375,78.125,609,NAMAKKAL,33,TAMIL NADU,point
11.375,78.375,609,NAMAKKAL,33,TAMIL NADU,point
11.375,78.625,608,SALEM,33,TAMIL NADU,point
11.375,78.875,615,PERAMBALUR,33,TAMIL NADU,point
11.375,79.125,615,PERAMBALUR,33,TAMIL NADU,point
11.375,79.375,616,ARIYALUR,33,TAMIL NADU,point
11.375,79.625,617,CUDDALORE,33,TAMIL NADU,point
11.375,79.875,696,MAYILADUTHURAI,33,TAMIL NADU,overlap
11.375,92.625,640,SOUTH ANDAMANS,35,ANDAMAN AND NICOBAR ISLANDS,point
11.625,75.375,589,Kannur,32,KERALA,overlap
11.625,75.625,591,Kozhikode,32,KERALA,point
11.625,75.875,591,Kozhikode,32,KERALA,point
11.625,76.125,590,Wayanad,32,KERALA,point
11.625,76.375,590,Wayanad,32,KERALA,point
11.625,76.625,578,Ch<mar<janagara,29,KARNATAKA,point
11.625,76.875,610,ERODE,33,TAMIL NADU,point
11.625,77.125,610,ERODE,33,TAMIL NADU,point
11.625,77.375,610,ERODE,33,TAMIL NADU,point
11.625,77.625,610,ERODE,33,TAMIL NADU,point
11.625,77.875,608,SALEM,33,TAMIL NADU,point
11.625,78.125,608,SALEM,33,TAMIL NADU,point
11.625,78.375,608,SALEM,33,TAMIL NADU,point
11.625,78.625,608,SALEM,33,TAMIL NADU,point
11.625,78.875,760,KALLAKURICHI,33,TAMIL NADU,point
11.625,79.125,760,KALLAKURICHI,33,TAMIL NADU,point
11.625,79.375,617,CUDDALORE,33,TAMIL NADU,point
11.625,79.625,617,CUDDALORE,33,TAMIL NADU,point
11.625,79.875,617,CUDDALORE,33,TAMIL NADU,overlap
11.625,92.125,640,SOUTH ANDAMANS,35,ANDAMAN AND NICOBAR ISLANDS,overlap
11.625,92.375,640,SOUTH ANDAMANS,35,ANDAMAN AND NICOBAR ISLANDS,overlap
11.625,92.625,640,SOUTH ANDAMANS,35,ANDAMAN AND NICOBAR ISLANDS,overlap
11.625,92.875,640,SOUTH ANDAMANS,35,ANDAMAN AND NICOBAR ISLANDS,overlap
11.875,75.375,589,Kannur,32,KERALA,point
11.875,75.625,589,Kannur,32,KERALA,point
11.875,75.875,589,Kannur,32,KERALA,point
11.875,76.125,577,Mys#ru,29,KARNATAKA,point
11.875,76.375,577,Mys#ru,29,KARNATAKA,point
11.875,76.625,578,Ch<mar<janagara,29,KARNATAKA,point
11.875,76.875,578,Ch<mar<janagara,29,KARNATAKA,point
11.875,77.125,578,Ch<mar<janagara,29,KARNATAKA,point
11.875,77.375,578,Ch<mar<janagara,29,KARNATAKA,point
11.875,77.625,610,ERODE,33,TAMIL NADU,point
11.875,77.875,608,SALEM,33,TAMIL NADU,point
11.875,78.125,608,SALEM,33,TAMIL NADU,point
11.875,78.375,630,DHARMAPURI,33,TAMIL NADU,point
11.875,78.625,630,DHARMAPURI,33,TAMIL NADU,point
11.875,78.875,760,KALLAKURICHI,33,TAMIL NADU,point
11.875,79.125,760,KALLAKURICHI,33,TAMIL NADU,point
11.875,79.375,607,VILUPPURAM,33,TAMIL NADU,point
11.875,79.625,635,PUDUCHERRY,34,PUDUCHERRY,point
11.875,79.875,635,PUDUCHERRY,34,PUDUCHERRY,overlap
11.875,92.625,640,SOUTH ANDAMANS,35,ANDAMAN AND NICOBAR ISLANDS,point
11.875,92.875,640,SOUTH ANDAMANS,35,ANDAMAN AND NICOBAR ISLANDS,overlap
11.875,93.125,640,SOUTH ANDAMANS,35,ANDAMAN AND NICOBAR ISLANDS,overlap
12.125,75.125,589,Kannur,32,KERALA,overlap
12.125,75.375,589,Kannur,32,KERALA,point
12.125,75.625,589,Kannur,32,KERALA,point
12.125,75.875,576,Kodagu,29,KARNATAKA,point
12.125,76.125,576,Kodagu,29,KARNATAKA,point
12.125,76.375,577,Mys#ru,29,KARNATAKA,point
12.125,76.625,577,Mys#ru,29,KARNATAKA,point
12.125,76.875,578,Ch<mar<janagara,29,KARNATAKA,point
12.125,77.125,578,Ch<mar<janagara,29,KARNATAKA,point
12.125,77.375,578,Ch<mar<janagara,29,KARNATAKA,point
12.125,77.625,578,Ch<mar<janagara,29,KARNATAKA,point
12.125,77.875,630,DHARMAPURI,33,TAMIL NADU,point
12.125,78.125,630,DHARMAPURI,33,TAMIL NADU,point
12.125,78.375,630,DHARMAPURI,33,TAMIL NADU,point
12.125,78.625,630,DHARMAPURI,33,TAMIL NADU,point
12.125,78.875,606,TIRUVANNAMALAI,33,TAMIL NADU,point
12.125,79.125,606,TIRUVANNAMALAI,33,TAMIL NADU,point
12.125,79.375,607,VILUPPURAM,33,TAMIL NADU,point
12.125,79.625,607,VILUPPURAM,33,TAMIL NADU,point
12.125,79.875,607,VILUPPURAM,33,TAMIL NADU,point
12.125,80.125,607,VILUPPURAM,33,TAMIL NADU,overlap
12.125,92.625,640,SOUTH ANDAMANS,35,ANDAMAN AND NICOBAR ISLANDS,overlap
12.125,92.875,639,NORTH AND MIDDLE ANDAMAN,35,ANDAMAN AND NICOBAR ISLANDS,overlap
12.125,93.125,640,SOUTH ANDAMANS,35,ANDAMAN AND NICOBAR ISLANDS,overlap
12.375,74.875,588,Kasaragod,32,KERALA,overlap
12.375,75.125,588,Kasaragod,32,KERALA,point
12.375,75.375,588,Kasaragod,32,KERALA,point
12.375,75.625,576,Kodagu,29,KARNATAKA,point
12.375,75.875,576,Kodagu,29,KARNATAKA,point
12.375,76.125,577,Mys#ru,29,KARNATAKA,point
12.375,76.375,577,Mys#ru,29,KARNATAKA,point
12.375,76.625,573,Mandya,29,KARNATAKA,point
12.375,76.875,577,Mys#ru,29,KARNATAKA,point
12.375,77.125,573,Mandya,29,KARNATAKA,point
12.375,77.375,584,R<managara,29,KARNATAKA,point
12.375,77.625,631,KRISHNAGIRI,33,TAMIL NADU,point
12.375,77.875,631,KRISHNAGIRI,33,TAMIL NADU,point
12.375,78.125,630,DHARMAPURI,33,TAMIL NADU,point
12.375,78.375,631,KRISHNAGIRI,33,TAMIL NADU,point
12.375,78.625,751,TIRUPATHUR,33,TAMIL NADU,point
12.375,78.875,606,TIRUVANNAMALAI,33,TAMIL NADU,point
12.375,79.125,606,TIRUVANNAMALAI,33,TAMIL NADU,point
12.375,79.375,607,VILUPPURAM,33,TAMIL NADU,point
12.375,79.625,606,TIRUVANNAMALAI,33,TAMIL NADU,point
12.375,79.875,754,CHENGALPATTU,33,TAMIL NADU,point
12.375,80.125,754,CHENGALPATTU,33,TAMIL NADU,overlap
12.375,92.625,639,NORTH AND MIDDLE ANDAMAN,35,ANDAMAN AND NICOBAR ISLANDS,overlap
12.375,92.875,639,NORTH AND MIDDLE ANDAMAN,35,ANDAMAN AND NICOBAR ISLANDS,overlap
12.375,93.875,639,NORTH AND MIDDLE ANDAMAN,35,ANDAMAN AND NICOBAR ISLANDS,overlap
12.625,74.875,588,Kasaragod,32,KERALA,overlap
12.625,75.125,588,Kasaragod,32,KERALA,point
12.625,75.375,575,Dakshina Kannada,29,KARNATAKA,point
12.625,75.625,575,Dakshina Kannada,29,KARNATAKA,point
12.625,75.875,576,Kodagu,29,KARNATAKA,point
12.625,76.125,574,H<ssan,29,KARNATAKA,point
12.625,76.375,573,Mandya,29,KARNATAKA,point
12.625,76.625,573,Mandya,29,KARNATAKA,point
12.625,76.875,573,Mandya,29,KARNATAKA,point
12.625,77.125,584,R<managara,29,KARNATAKA,point
12.625,77.375,584,R<managara,29,KARNATAKA,point
12.625,77.625,631,KRISHNAGIRI,33,TAMIL NADU,point
12.625,77.875,631,KRISHNAGIRI,33,TAMIL NADU,point
12.625,78.125,631,KRISHNAGIRI,33,TAMIL NADU,point
12.625,78.375,631,KRISHNAGIRI,33,TAMIL NADU,point
12.625,78.625,751,TIRUPATHUR,33,TAMIL NADU,point
12.625,78.875,606,TIRUVANNAMALAI,33,TAMIL NADU,point
12.625,79.125,606,TIRUVANNAMALAI,33,TAMIL NADU,point
12.625,79.375,606,TIRUVANNAMALAI,33,TAMIL NADU,point
12.625,79.625,606,TIRUVANNAMALAI,33,TAMIL NADU,point
12.625,79.875,754,CHENGALPATTU,33,TAMIL NADU,point
12.625,80.125,754,CHENGALPATTU,33,TAMIL NADU,point
12.625,92.625,639,NORTH AND MIDDLE ANDAMAN,35,ANDAMAN AND NICOBAR ISLANDS,overlap
12.625,92.875,639,NORTH AND MIDDLE ANDAMAN,35,ANDAMAN AND NICOBAR ISLANDS,point
12.875,74.875,575,Dakshina Kannada,29,KARNATAKA,point
12.875,75.125,575,Dakshina Kannada,29,KARNATAKA,point
12.875,75.375,575,Dakshina Kannada,29,KARNATAKA,point
12.875,75.625,574,H<ssan,29,KARNATAKA,point
12.875,75.875,574,H<ssan,29,KARNATAKA,point
12.875,76.125,574,H<ssan,29,KARNATAKA,point
12.875,76.375,574,H<ssan,29,KARNATAKA,point
12.875,76.625,573,Mandya,29,KARNATAKA,point
12.875,76.875,573,Mandya,29,KARNATAKA,point
12.875,77.125,571,Tumak#ru,29,KARNATAKA,point
12.875,77.375,572,Bengal#ru (Urban),29,KARNATAKA,point
12.875,77.625,572,Bengal#ru (Urban),29,KARNATAKA,point
12.875,77.875,581,Kol<ra,29,KARNATAKA,point
12.875,78.125,581,Kol<ra,29,KARNATAKA,point
12.875,78.375,554,Chittoor,28,ANDHRA PRADESH,point
12.875,78.625,605,VELLORE,33,TAMIL NADU,point
12.875,78.875,605,VELLORE,33,TAMIL NADU,point
12.875,79.125,605,VELLORE,33,TAMIL NADU,point
12.875,79.375,750,RANIPET,33,TAMIL NADU,point
12.875,79.625,604,KANCHEEPURAM,33,TAMIL NADU,point
12.875,79.875,604,KANCHEEPURAM,33,TAMIL NADU,point
12.875,80.125,754,CHENGALPATTU,33,TAMIL NADU,point
12.875,80.375,603,CHENNAI,33,TAMIL NADU,overlap
12.875,92.625,639,NORTH AND MIDDLE ANDAMAN,35,ANDAMAN AND NICOBAR ISLANDS,overlap
12.875,92.875,639,NORTH AND MIDDLE ANDAMAN,35,ANDAMAN AND NICOBAR ISLANDS,point
13.125,74.625,569,Udupi,29,KARNATAKA,overlap
13.125,74.875,569,Udupi,29,KARNATAKA,point
13.125,75.125,575,Dakshina Kannada,29,KARNATAKA,point
13.125,75.375,575,Dakshina Kannada,29,KARNATAKA,point
13.125,75.625,570,Chikkamagal#ru,29,KARNATAKA,point
13.125,75.875,574,H<ssan,29,KARNATAKA,point
13.125,76.125,574,H<ssan,29,KARNATAKA,point
13.125,76.375,574,H<ssan,29,KARNATAKA,point
13.125,76.625,571,Tumak#ru,29,KARNATAKA,point
13.125,76.875,571,Tumak#ru,29,KARNATAKA,point
13.125,77.125,584,R<managara,29,KARNATAKA,point
13.125,77.375,583,Bengal#ru (Rural),29,KARNATAKA,point
13.125,77.625,572,Bengal#ru (Urban),29,KARNATAKA,point
13.125,77.875,583,Bengal#ru (Rural),29,KARNATAKA,point
13.125,78.125,581,Kol<ra,29,KARNATAKA,point
13.125,78.375,581,Kol<ra,29,KARNATAKA,point
13.125,78.625,554,Chittoor,28,ANDHRA PRADESH,point
13.125,78.875,554,Chittoor,28,ANDHRA PRADESH,point
13.125,79.125,554,Chittoor,28,ANDHRA PRADESH,point
13.125,79.375,602,TIRUVALLUR,33,TAMIL NADU,point
13.125,79.625,750,RANIPET,33,TAMIL NADU,point
13.125,79.875,602,TIRUVALLUR,33,TAMIL NADU,point
13.125,80.125,602,TIRUVALLUR,33,TAMIL NADU,point
13.125,80.375,603,CHENNAI,33,TAMIL NADU,overlap
13.125,92.625,639,NORTH AND MIDDLE ANDAMAN,35,ANDAMAN AND NICOBAR ISLANDS,overlap
13.125,92.875,639,NORTH AND MIDDLE ANDAMAN,35,ANDAMAN AND NICOBAR ISLANDS,point
13.125,93.125,639,NORTH AND MIDDLE ANDAMAN,35,ANDAMAN AND NICOBAR ISLANDS,overlap
13.375,74.625,569,Udupi,29,KARNATAKA,overlap
13.375,74.875,569,Udupi,29,KARNATAKA,point
13.375,75.125,570,Chikkamagal#ru,29,KARNATAKA,point
13.375,75.375,570,Chikkamagal#ru,29,KARNATAKA,point
13.375,75.625,570,Chikkamagal#ru,29,KARNATAKA,point
13.375,75.875,570,Chikkamagal#ru,29,KARNATAKA,point
13.375,76.125,574,H<ssan,29,KARNATAKA,point
13.375,76.375,574,H<ssan,29,KARNATAKA,point
13.375,76.625,571,Tumak#ru,29,KARNATAKA,point
13.375,76.875,571,Tumak#ru,29,KARNATAKA,point
13.375,77.125,571,Tumak#ru,29,KARNATAKA,point
13.375,77.375,583,Bengal#ru (Rural),29,KARNATAKA,point
13.375,77.625,583,Bengal#ru (Rural),29,KARNATAKA,point
13.375,77.875,582,Chikkaball<pura,29,KARNATAKA,point
13.375,78.125,582,Chikkaball<pura,29,KARNATAKA,point
13.375,78.375,693,Annamayya,28,ANDHRA PRADESH,point
13.375,78.625,554,Chittoor,28,ANDHRA PRADESH,point
13.375,78.875,554,Chittoor,28,ANDHRA PRADESH,point
13.375,79.125,554,Chittoor,28,ANDHRA PRADESH,point
13.375,79.375,554,Chittoor,28,ANDHRA PRADESH,point
13.375,79.625,692,Tirupati,28,ANDHRA PRADESH,point
13.375,79.875,692,Tirupati,28,ANDHRA PRADESH,point
13.375,80.125,602,TIRUVALLUR,33,TAMIL NADU,point
13.375,80.375,602,TIRUVALLUR,33,TAMIL NADU,overlap
13.375,92.875,639,NORTH AND MIDDLE ANDAMAN,35,ANDAMAN AND NICOBAR ISLANDS,point
13.375,93.125,639,NORTH AND MIDDLE ANDAMAN,35,ANDAMAN AND NICOBAR ISLANDS,overlap
13.375,94.375,639,NORTH AND MIDDLE ANDAMAN,35,ANDAMAN AND NICOBAR ISLANDS,overlap
13.625,74.625,569,Udupi,29,KARNATAKA,overlap
13.625,74.875,569,Udupi,29,KARNATAKA,point
13.625,75.125,568,Shivamogga,29,KARNATAKA,point
13.625,75.375,568,Shivamogga,29,KARNATAKA,point
13.625,75.625,570,Chikkamagal#ru,29,KARNATAKA,point
13.625,75.875,570,Chikkamagal#ru,29,KARNATAKA,point
13.625,76.125,570,Chikkamagal#ru,29,KARNATAKA,point
13.625,76.375,566,Chitradurga,29,KARNATAKA,point
13.625,76.625,571,Tumak#ru,29,KARNATAKA,point
13.625,76.875,571,Tumak#ru,29,KARNATAKA,point
13.625,77.125,571,Tumak#ru,29,KARNATAKA,point
13.625,77.375,582,Chikkaball<pura,29,KARNATAKA,point
13.625,77.625,582,Chikkaball<pura,29,KARNATAKA,point
13.625,77.875,582,Chikkaball<pura,29,KARNATAKA,point
13.625,78.125,582,Chikkaball<pura,29,KARNATAKA,point
13.625,78.375,693,Annamayya,28,ANDHRA PRADESH,point
13.625,78.625,693,Annamayya,28,ANDHRA PRADESH,point
13.625,78.875,554,Chittoor,28,ANDHRA PRADESH,point
13.625,79.125,692,Tirupati,28,ANDHRA PRADESH,point
13.625,79.375,692,Tirupati,28,ANDHRA PRADESH,point
13.625,79.625,692,Tirupati,28,ANDHRA PRADESH,point
13.625,79.875,692,Tirupati,28,ANDHRA PRADESH,point
13.625,80.125,692,Tirupati,28,ANDHRA PRADESH,point
13.625,80.375,602,TIRUVALLUR,33,TAMIL NADU,overlap
13.625,92.875,639,NORTH AND MIDDLE ANDAMAN,35,ANDAMAN AND NICOBAR ISLANDS,overlap
13.625,93.125,639,NORTH AND MIDDLE ANDAMAN,35,ANDAMAN AND NICOBAR ISLANDS,overlap
13.875,74.625,569,Udupi,29,KARNATAKA,point
13.875,74.875,568,Shivamogga,29,KARNATAKA,point
13.875,75.125,568,Shivamogga,29,KARNATAKA,point
13.875,75.375,568,Shivamogga,29,KARNATAKA,point
13.875,75.625,568,Shivamogga,29,KARNATAKA,point
13.875,75.875,567,D<vanagere,29,KARNATAKA,point
13.875,76.125,566,Chitradurga,29,KARNATAKA,point
13.875,76.375,566,Chitradurga,29,KARNATAKA,point
13.875,76.625,566,Chitradurga,29,KARNATAKA,point
13.875,76.875,571,Tumak#ru,29,KARNATAKA,point
13.875,77.125,695,Sri Sathya Sai,28,ANDHRA PRADESH,point
13.875,77.375,695,Sri Sathya Sai,28,ANDHRA PRADESH,point
13.875,77.625,695,Sri Sathya Sai,28,ANDHRA PRADESH,point
13.875,77.875,582,Chikkaball<pura,29,KARNATAKA,point
13.875,78.125,695,Sri Sathya Sai,28,ANDHRA PRADESH,point
13.875,78.375,693,Annamayya,28,ANDHRA PRADESH,point
13.875,78.625,693,Annamayya,28,ANDHRA PRADESH,point
13.875,78.875,693,Annamayya,28,ANDHRA PRADESH,point
13.875,79.125,693,Annamayya,28,ANDHRA PRADESH,point
13.875,79.375,693,Annamayya,28,ANDHRA PRADESH,point
13.875,79.625,692,Tirupati,28,ANDHRA PRADESH,point
13.875,79.875,692,Tirupati,28,ANDHRA PRADESH,point
13.875,80.125,692,Tirupati,28,ANDHRA PRADESH,point
13.875,80.375,692,Tirupati,28,ANDHRA PRADESH,overlap
14.125,74.375,563,Uttara Kannada,29,KARNATAKA,overlap
14.125,74.625,563,Uttara Kannada,29,KARNATAKA,point
14.125,74.875,568,Shivamogga,29,KARNATAKA,point
14.125,75.125,568,Shivamogga,29,KARNATAKA,point
14.125,75.375,568,Shivamogga,29,KARNATAKA,point
14.125,75.625,567,D<vanagere,29,KARNATAKA,point
14.125,75.875,567,D<vanagere,29,KARNATAKA,point
14.125,76.125,566,Chitradurga,29,KARNATAKA,point
14.125,76.375,566,Chitradurga,29,KARNATAKA,point
14.125,76.625,566,Chitradurga,29,KARNATAKA,point
14.125,76.875,566,Chitradurga,29,KARNATAKA,point
14.125,77.125,571,Tumak#ru,29,KARNATAKA,point
14.125,77.375,695,Sri Sathya Sai,28,ANDHRA PRADESH,point
14.125,77.625,695,Sri Sathya Sai,28,ANDHRA PRADESH,point
14.125,77.875,695,Sri Sathya Sai,28,ANDHRA PRADESH,point
14.125,78.125,695,Sri Sathya Sai,28,ANDHRA PRADESH,point
14.125,78.375,695,Sri Sathya Sai,28,ANDHRA PRADESH,point
14.125,78.625,693,Annamayya,28,ANDHRA PRADESH,point
14.125,78.875,693,Annamayya,28,ANDHRA PRADESH,point
14.125,79.125,693,Annamayya,28,ANDHRA PRADESH,point
14.125,79.375,693,Annamayya,28,ANDHRA PRADESH,point
14.125,79.625,550,Sri Potti Sriramulu Nellore,28,ANDHRA PRADESH,point
14.125,79.875,692,Tirupati,28,ANDHRA PRADESH,point
14.125,80.125,692,Tirupati,28,ANDHRA PRADESH,point
14.375,74.375,563,Uttara Kannada,29,KARNATAKA,overlap
14.375,74.625,563,Uttara Kannada,29,KARNATAKA,point
14.375,74.875,563,Uttara Kannada,29,KARNATAKA,point
14.375,75.125,568,Shivamogga,29,KARNATAKA,point
14.375,75.375,564,H<veri,29,KARNATAKA,point
14.375,75.625,564,H<veri,29,KARNATAKA,point
14.375,75.875,567,D<vanagere,29,KARNATAKA,point
14.375,76.125,567,D<vanagere,29,KARNATAKA,point
14.375,76.375,566,Chitradurga,29,KARNATAKA,point
14.375,76.625,566,Chitradurga,29,KARNATAKA,point
14.375,76.875,566,Chitradurga,29,KARNATAKA,point
14.375,77.125,553,Ananthapuramu,28,ANDHRA PRADESH,point
14.375,77.375,695,Sri Sathya Sai,28,ANDHRA PRADESH,point
14.375,77.625,695,Sri Sathya Sai,28,ANDHRA PRADESH,point
14.375,77.875,695,Sri Sathya Sai,28,ANDHRA PRADESH,point
14.375,78.125,695,Sri Sathya Sai,28,ANDHRA PRADESH,point
14.375,78.375,551,Y.S.R.,28,ANDHRA PRADESH,point
14.375,78.625,551,Y.S.R.,28,ANDHRA PRADESH,point
14.375,78.875,551,Y.S.R.,28,ANDHRA PRADESH,point
14.375,79.125,551,Y.S.R.,28,ANDHRA PRADESH,point
14.375,79.375,550,Sri Potti Sriramulu Nellore,28,ANDHRA PRADESH,point
14.375,79.625,550,Sri Potti Sriramulu Nellore,28,ANDHRA PRADESH,point
14.375,79.875,550,Sri Potti Sriramulu Nellore,28,ANDHRA PRADESH,point
14.375,80.125,550,Sri Potti Sriramulu Nellore,28,ANDHRA PRADESH,point
14.625,74.125,563,Uttara Kannada,29,KARNATAKA,overlap
14.625,74.375,563,Uttara Kannada,29,KARNATAKA,point
14.625,74.625,563,Uttara Kannada,29,KARNATAKA,point
14.625,74.875,563,Uttara Kannada,29,KARNATAKA,point
14.625,75.125,568,Shivamogga,29,KARNATAKA,point
14.625,75.375,564,H<veri,29,KARNATAKA,point
14.625,75.625,564,H<veri,29,KARNATAKA,point
14.625,75.875,761,Vijayanagara,29,KARNATAKA,point
14.625,76.125,761,Vijayanagara,29,KARNATAKA,point
14.625,76.375,567,D<vanagere,29,KARNATAKA,point
14.625,76.625,566,Chitradurga,29,KARNATAKA,point
14.625,76.875,553,Ananthapuramu,28,ANDHRA PRADESH,point
14.625,77.125,553,Ananthapuramu,28,ANDHRA PRADESH,point
14.625,77.375,553,Ananthapuramu,28,ANDHRA PRADESH,point
14.625,77.625,553,Ananthapuramu,28,ANDHRA PRADESH,point
14.625,77.875,695,Sri Sathya Sai,28,ANDHRA PRADESH,point
14.625,78.125,551,Y.S.R.,28,ANDHRA PRADESH,point
14.625,78.375,551,Y.S.R.,28,ANDHRA PRADESH,point
14.625,78.625,551,Y.S.R.,28,ANDHRA PRADESH,point
14.625,78.875,551,Y.S.R.,28,ANDHRA PRADESH,point
14.625,79.125,551,Y.S.R.,28,ANDHRA PRADESH,point
14.625,79.375,550,Sri Potti Sriramulu Nellore,28,ANDHRA PRADESH,point
14.625,79.625,550,Sri Potti Sriramulu Nellore,28,ANDHRA PRADESH,point
14.625,79.875,550,Sri Potti Sriramulu Nellore,28,ANDHRA PRADESH,point
14.625,80.125,550,Sri Potti Sriramulu Nellore,28,ANDHRA PRADESH,point
14.875,74.125,563,Uttara Kannada,29,KARNATAKA,point
14.875,74.375,563,Uttara Kannada,29,KARNATAKA,point
14.875,74.625,563,Uttara Kannada,29,KARNATAKA,point
14.875,74.875,563,Uttara Kannada,29,KARNATAKA,point
14.875,75.125,564,H<veri,29,KARNATAKA,point
14.875,75.375,564,H<veri,29,KARNATAKA,point
14.875,75.625,564,H<veri,29,KARNATAKA,point
14.875,75.875,761,Vijayanagara,29,KARNATAKA,point
14.875,76.125,761,Vijayanagara,29,KARNATAKA,point
14.875,76.375,761,Vijayanagara,29,KARNATAKA,point
14.875,76.625,761,Vijayanagara,29,KARNATAKA,point
14.875,76.875,553,Ananthapuramu,28,ANDHRA PRADESH,point
14.875,77.125,553,Ananthapuramu,28,ANDHRA PRADESH,point
14.875,77.375,553,Ananthapuramu,28,ANDHRA PRADESH,point
14.875,77.625,553,Ananthapuramu,28,ANDHRA PRADESH,point
14.875,77.875,553,Ananthapuramu,28,ANDHRA PRADESH,point
14.875,78.125,551,Y.S.R.,28,ANDHRA PRADESH,point
14.875,78.375,551,Y.S.R.,28,ANDHRA PRADESH,point
14.875,78.625,551,Y.S.R.,28,ANDHRA PRADESH,point
14.875,78.875,551,Y.S.R.,28,ANDHRA PRADESH,point
14.875,79.125,551,Y.S.R.,28,ANDHRA PRADESH,point
14.875,79.375,550,Sri Potti Sriramulu Nellore,28,ANDHRA PRADESH,point
14.875,79.625,550,Sri Potti Sriramulu Nellore,28,ANDHRA PRADESH,point
14.875,79.875,550,Sri Potti Sriramulu Nellore,28,ANDHRA PRADESH,point
14.875,80.125,550,Sri Potti Sriramulu Nellore,28,ANDHRA PRADESH,overlap
15.125,73.875,586,SOUTH GOA,30,GOA,overlap
15.125,74.125,793,KUSHAVATI,30,GOA,point
15.125,74.375,563,Uttara Kannada,29,KARNATAKA,point
15.125,74.625,563,Uttara Kannada,29,KARNATAKA,point
15.125,74.875,562,Dh<rw<d,29,KARNATAKA,point
15.125,75.125,564,H<veri,29,KARNATAKA,point
15.125,75.375,562,Dh<rw<d,29,KARNATAKA,point
15.125,75.625,561,Gadag,29,KARNATAKA,point
15.125,75.875,561,Gadag,29,KARNATAKA,point
15.125,76.125,761,Vijayanagara,29,KARNATAKA,point
15.125,76.375,761,Vijayanagara,29,KARNATAKA,point
15.125,76.625,565,Ball<ri,29,KARNATAKA,point
15.125,76.875,565,Ball<ri,29,KARNATAKA,point
15.125,77.125,565,Ball<ri,29,KARNATAKA,point
15.125,77.375,553,Ananthapuramu,28,ANDHRA PRADESH,point
15.125,77.625,553,Ananthapuramu,28,ANDHRA PRADESH,point
15.125,77.875,553,Ananthapuramu,28,ANDHRA PRADESH,point
15.125,78.125,694,Nandyal,28,ANDHRA PRADESH,point
15.125,78.375,694,Nandyal,28,ANDHRA PRADESH,point
15.125,78.625,694,Nandyal,28,ANDHRA PRADESH,point
15.125,78.875,551,Y.S.R.,28,ANDHRA PRADESH,point
15.125,79.125,549,Prakasam,28,ANDHRA PRADESH,point
15.125,79.375,549,Prakasam,28,ANDHRA PRADESH,point
15.125,79.625,549,Prakasam,28,ANDHRA PRADESH,point
15.125,79.875,550,Sri Potti Sriramulu Nellore,28,ANDHRA PRADESH,point
15.125,80.125,550,Sri Potti Sriramulu Nellore,28,ANDHRA PRADESH,overlap
15.375,73.875,586,SOUTH GOA,30,GOA,point
15.375,74.125,793,KUSHAVATI,30,GOA,point
15.375,74.375,563,Uttara Kannada,29,KARNATAKA,point
15.375,74.625,555,Belag<vi,29,KARNATAKA,point
15.375,74.875,562,Dh<rw<d,29,KARNATAKA,point
15.375,75.125,562,Dh<rw<d,29,KARNATAKA,point
15.375,75.375,562,Dh<rw<d,29,KARNATAKA,point
15.375,75.625,561,Gadag,29,KARNATAKA,point
15.375,75.875,561,Gadag,29,KARNATAKA,point
15.375,76.125,560,Koppal,29,KARNATAKA,point
15.375,76.375,560,Koppal,29,KARNATAKA,point
15.375,76.625,565,Ball<ri,29,KARNATAKA,point
15.375,76.875,565,Ball<ri,29,KARNATAKA,point
15.375,77.125,552,Kurnool,28,ANDHRA PRADESH,point
15.375,77.375,552,Kurnool,28,ANDHRA PRADESH,point
15.375,77.625,552,Kurnool,28,ANDHRA PRADESH,point
15.375,77.875,694,Nandyal,28,ANDHRA PRADESH,point
15.375,78.125,694,Nandyal,28,ANDHRA PRADESH,point
15.375,78.375,694,Nandyal,28,ANDHRA PRADESH,point
15.375,78.625,694,Nandyal,28,ANDHRA PRADESH,point
15.375,78.875,549,Prakasam,28,ANDHRA PRADESH,point
15.375,79.125,549,Prakasam,28,ANDHRA PRADESH,point
15.375,79.375,549,Prakasam,28,ANDHRA PRADESH,point
15.375,79.625,549,Prakasam,28,ANDHRA PRADESH,point
15.375,79.875,549,Prakasam,28,ANDHRA PRADESH,point
15.375,80.125,549,Prakasam,28,ANDHRA PRADESH,point
15.625,73.625,585,NORTH GOA,30,GOA,overlap
15.625,73.875,585,NORTH GOA,30,GOA,point
15.625,74.125,585,NORTH GOA,30,GOA,point
15.625,74.375,555,Belag<vi,29,KARNATAKA,point
15.625,74.625,555,Belag<vi,29,KARNATAKA,point
15.625,74.875,555,Belag<vi,29,KARNATAKA,point
15.625,75.125,562,Dh<rw<d,29,KARNATAKA,point
15.625,75.375,562,Dh<rw<d,29,KARNATAKA,point
15.625,75.625,561,Gadag,29,KARNATAKA,point
15.625,75.875,561,Gadag,29,KARNATAKA,point
15.625,76.125,560,Koppal,29,KARNATAKA,point
15.625,76.375,560,Koppal,29,KARNATAKA,point
15.625,76.625,560,Koppal,29,KARNATAKA,point
15.625,76.875,565,Ball<ri,29,KARNATAKA,point
15.625,77.125,552,Kurnool,28,ANDHRA PRADESH,point
15.625,77.375,552,Kurnool,28,ANDHRA PRADESH,point
15.625,77.625,552,Kurnool,28,ANDHRA PRADESH,point
15.625,77.875,552,Kurnool,28,ANDHRA PRADESH,point
15.625,78.125,552,Kurnool,28,ANDHRA PRADESH,point
15.625,78.375,694,Nandyal,28,ANDHRA PRADESH,point
15.625,78.625,694,Nandyal,28,ANDHRA PRADESH,point
15.625,78.875,549,Prakasam,28,ANDHRA PRADESH,point
15.625,79.125,549,Prakasam,28,ANDHRA PRADESH,point
15.625,79.375,549,Prakasam,28,ANDHRA PRADESH,point
15.625,79.625,549,Prakasam,28,ANDHRA PRADESH,point
15.625,79.875,549,Prakasam,28,ANDHRA PRADESH,point
15.625,80.125,549,Prakasam,28,ANDHRA PRADESH,point
15.625,80.375,691,Bapatla,28,ANDHRA PRADESH,overlap
15.625,80.875,547,Krishna,28,ANDHRA PRADESH,overlap
15.625,81.125,547,Krishna,28,ANDHRA PRADESH,overlap
15.875,73.375,529,SINDHUDURG,27,MAHARASHTRA,overlap
15.875,73.625,529,SINDHUDURG,27,MAHARASHTRA,point
15.875,73.875,529,SINDHUDURG,27,MAHARASHTRA,point
15.875,74.125,530,KOLHAPUR,27,MAHARASHTRA,point
15.875,74.375,555,Belag<vi,29,KARNATAKA,point
15.875,74.625,555,Belag<vi,29,KARNATAKA,point
15.875,74.875,555,Belag<vi,29,KARNATAKA,point
15.875,75.125,555,Belag<vi,29,KARNATAKA,point
15.875,75.375,555,Belag<vi,29,KARNATAKA,point
15.875,75.625,556,B<galkot,29,KARNATAKA,point
15.875,75.875,560,Koppal,29,KARNATAKA,point
15.875,76.125,560,Koppal,29,KARNATAKA,point
15.875,76.375,560,Koppal,29,KARNATAKA,point
15.875,76.625,559,Raich#r,29,KARNATAKA,point
15.875,76.875,559,Raich#r,29,KARNATAKA,point
15.875,77.125,552,Kurnool,28,ANDHRA PRADESH,point
15.875,77.375,552,Kurnool,28,ANDHRA PRADESH,point
15.875,77.625,552,Kurnool,28,ANDHRA PRADESH,point
15.875,77.875,552,Kurnool,28,ANDHRA PRADESH,point
15.875,78.125,744,JOGULAMBA GADWAL,36,TELANGANA,point
15.875,78.375,694,Nandyal,28,ANDHRA PRADESH,point
15.875,78.625,694,Nandyal,28,ANDHRA PRADESH,point
15.875,78.875,549,Prakasam,28,ANDHRA PRADESH,point
15.875,79.125,549,Prakasam,28,ANDHRA PRADESH,point
15.875,79.375,549,Prakasam,28,ANDHRA PRADESH,point
15.875,79.625,549,Prakasam,28,ANDHRA PRADESH,point
15.875,79.875,549,Prakasam,28,ANDHRA PRADESH,point
15.875,80.125,691,Bapatla,28,ANDHRA PRADESH,point
15.875,80.375,691,Bapatla,28,ANDHRA PRADESH,point
15.875,80.625,691,Bapatla,28,ANDHRA PRADESH,point
15.875,80.875,691,Bapatla,28,ANDHRA PRADESH,point
15.875,81.125,547,Krishna,28,ANDHRA PRADESH,overlap
16.125,73.375,529,SINDHUDURG,27,MAHARASHTRA,overlap
16.125,73.625,529,SINDHUDURG,27,MAHARASHTRA,point
16.125,73.875,530,KOLHAPUR,27,MAHARASHTRA,point
16.125,74.125,530,KOLHAPUR,27,MAHARASHTRA,point
16.125,74.375,530,KOLHAPUR,27,MAHARASHTRA,point
16.125,74.625,555,Belag<vi,29,KARNATAKA,point
16.125,74.875,555,Belag<vi,29,KARNATAKA,point
16.125,75.125,555,Belag<vi,29,KARNATAKA,point
16.125,75.375,556,B<galkot,29,KARNATAKA,point
16.125,75.625,556,B<galkot,29,KARNATAKA,point
16.125,75.875,556,B<galkot,29,KARNATAKA,point
16.125,76.125,556,B<galkot,29,KARNATAKA,point
16.125,76.375,559,Raich#r,29,KARNATAKA,point
16.125,76.625,559,Raich#r,29,KARNATAKA,point
16.125,76.875,559,Raich#r,29,KARNATAKA,point
16.125,77.125,559,Raich#r,29,KARNATAKA,point
16.125,77.375,559,Raich#r,29,KARNATAKA,point
16.125,77.625,744,JOGULAMBA GADWAL,36,TELANGANA,point
16.125,77.875,744,JOGULAMBA GADWAL,36,TELANGANA,point
16.125,78.125,742,WANAPARTHY,36,TELANGANA,point
16.125,78.375,743,NAGARKURNOOL,36,TELANGANA,point
16.125,78.625,743,NAGARKURNOOL,36,TELANGANA,point
16.125,78.875,694,Nandyal,28,ANDHRA PRADESH,point
16.125,79.125,549,Prakasam,28,ANDHRA PRADESH,point
16.125,79.375,549,Prakasam,28,ANDHRA PRADESH,point
16.125,79.625,690,Palnadu,28,ANDHRA PRADESH,point
16.125,79.875,691,Bapatla,28,ANDHRA PRADESH,point
16.125,80.125,690,Palnadu,28,ANDHRA PRADESH,point
16.125,80.375,548,Guntur,28,ANDHRA PRADESH,point
16.125,80.625,691,Bapatla,28,ANDHRA PRADESH,point
16.125,80.875,547,Krishna,28,ANDHRA PRADESH,point
16.125,81.125,547,Krishna,28,ANDHRA PRADESH,point
16.375,73.375,529,SINDHUDURG,27,MAHARASHTRA,point
16.375,73.625,529,SINDHUDURG,27,MAHARASHTRA,point
16.375,73.875,530,KOLHAPUR,27,MAHARASHTRA,point
16.375,74.125,530,KOLHAPUR,27,MAHARASHTRA,point
16.375,74.375,555,Belag<vi,29,KARNATAKA,point
16.375,74.625,555,Belag<vi,29,KARNATAKA,point
16.375,74.875,555,Belag<vi,29,KARNATAKA,point
16.375,75.125,556,B<galkot,29,KARNATAKA,point
16.375,75.375,556,B<galkot,29,KARNATAKA,point
16.375,75.625,556,B<galkot,29,KARNATAKA,point
16.375,75.875,557,Vijayapura,29,KARNATAKA,point
16.375,76.125,557,Vijayapura,29,KARNATAKA,point
16.375,76.375,580,Y<dgir,29,KARNATAKA,point
16.375,76.625,580,Y<dgir,29,KARNATAKA,point
16.375,76.875,559,Raich#r,29,KARNATAKA,point
16.375,77.125,559,Raich#r,29,KARNATAKA,point
16.375,77.375,559,Raich#r,29,KARNATAKA,point
16.375,77.625,763,NARAYANPET,36,TELANGANA,point
16.375,77.875,742,WANAPARTHY,36,TELANGANA,point
16.375,78.125,742,WANAPARTHY,36,TELANGANA,point
16.375,78.375,743,NAGARKURNOOL,36,TELANGANA,point
16.375,78.625,743,NAGARKURNOOL,36,TELANGANA,point
16.375,78.875,743,NAGARKURNOOL,36,TELANGANA,point
16.375,79.125,743,NAGARKURNOOL,36,TELANGANA,point
16.375,79.375,690,Palnadu,28,ANDHRA PRADESH,point
16.375,79.625,690,Palnadu,28,ANDHRA PRADESH,point
16.375,79.875,690,Palnadu,28,ANDHRA PRADESH,point
16.375,80.125,690,Palnadu,28,ANDHRA PRADESH,point
16.375,80.375,548,Guntur,28,ANDHRA PRADESH,point
16.375,80.625,548,Guntur,28,ANDHRA PRADESH,point
16.375,80.875,547,Krishna,28,ANDHRA PRADESH,point
16.375,81.125,547,Krishna,28,ANDHRA PRADESH,point
16.375,81.375,547,Krishna,28,ANDHRA PRADESH,point
16.375,81.625,546,West Godavari,28,ANDHRA PRADESH,point
16.375,81.875,687,Dr. B.R. Ambedkar Konaseema,28,ANDHRA PRADESH,overlap
16.375,82.125,687,Dr. B.R. Ambedkar Konaseema,28,ANDHRA PRADESH,overlap
16.625,73.375,528,RATNAGIRI,27,MAHARASHTRA,point
16.625,73.625,528,RATNAGIRI,27,MAHARASHTRA,point
16.625,73.875,530,KOLHAPUR,27,MAHARASHTRA,point
16.625,74.125,530,KOLHAPUR,27,MAHARASHTRA,point
16.625,74.375,530,KOLHAPUR,27,MAHARASHTRA,point
16.625,74.625,530,KOLHAPUR,27,MAHARASHTRA,point
16.625,74.875,555,Belag<vi,29,KARNATAKA,point
16.625,75.125,555,Belag<vi,29,KARNATAKA,point
16.625,75.375,556,B<galkot,29,KARNATAKA,point
16.625,75.625,557,Vijayapura,29,KARNATAKA,point
16.625,75.875,557,Vijayapura,29,KARNATAKA,point
16.625,76.125,557,Vijayapura,29,KARNATAKA,point
16.625,76.375,557,Vijayapura,29,KARNATAKA,point
16.625,76.625,580,Y<dgir,29,KARNATAKA,point
16.625,76.875,580,Y<dgir,29,KARNATAKA,point
16.625,77.125,580,Y<dgir,29,KARNATAKA,point
16.625,77.375,580,Y<dgir,29,KARNATAKA,point
16.625,77.625,763,NARAYANPET,36,TELANGANA,point
16.625,77.875,538,MAHBUBNAGAR,36,TELANGANA,point
16.625,78.125,538,MAHBUBNAGAR,36,TELANGANA,point
16.625,78.375,743,NAGARKURNOOL,36,TELANGANA,point
16.625,78.625,743,NAGARKURNOOL,36,TELANGANA,point
16.625,78.875,539,NALGONDA,36,TELANGANA,point
16.625,79.125,539,NALGONDA,36,TELANGANA,point
16.625,79.375,539,NALGONDA,36,TELANGANA,point
16.625,79.625,690,Palnadu,28,ANDHRA PRADESH,point
16.625,79.875,690,Palnadu,28,ANDHRA PRADESH,point
16.625,80.125,690,Palnadu,28,ANDHRA PRADESH,point
16.625,80.375,689,NTR,28,ANDHRA PRADESH,point
16.625,80.625,689,NTR,28,ANDHRA PRADESH,point
16.625,80.875,688,Eluru,28,ANDHRA PRADESH,point
16.625,81.125,688,Eluru,28,ANDHRA PRADESH,point
16.625,81.375,546,West Godavari,28,ANDHRA PRADESH,point
16.625,81.625,546,West Godavari,28,ANDHRA PRADESH,point
16.625,81.875,687,Dr. B.R. Ambedkar Konaseema,28,ANDHRA PRADESH,point
16.625,82.125,687,Dr. B.R. Ambedkar Konaseema,28,ANDHRA PRADESH,point
16.625,82.375,687,Dr. B.R. Ambedkar Konaseema,28,ANDHRA PRADESH,overlap
16.875,73.375,528,RATNAGIRI,27,MAHARASHTRA,point
16.875,73.625,528,RATNAGIRI,27,MAHARASHTRA,point
16.875,73.875,530,KOLHAPUR,27,MAHARASHTRA,point
16.875,74.125,530,KOLHAPUR,27,MAHARASHTRA,point
16.875,74.375,531,SANGLI,27,MAHARASHTRA,point
16.875,74.625,531,SANGLI,27,MAHARASHTRA,point
16.875,74.875,531,SANGLI,27,MAHARASHTRA,point
16.875,75.125,555,Belag<vi,29,KARNATAKA,point
16.875,75.375,557,Vijayapura,29,KARNATAKA,point
16.875,75.625,557,Vijayapura,29,KARNATAKA,point
16.875,75.875,557,Vijayapura,29,KARNATAKA,point
16.875,76.125,557,Vijayapura,29,KARNATAKA,point
16.875,76.375,557,Vijayapura,29,KARNATAKA,point
16.875,76.625,579,Kalaburagi,29,KARNATAKA,point
16.875,76.875,580,Y<dgir,29,KARNATAKA,point
16.875,77.125,580,Y<dgir,29,KARNATAKA,point
16.875,77.375,580,Y<dgir,29,KARNATAKA,point
16.875,77.625,763,NARAYANPET,36,TELANGANA,point
16.875,77.875,538,MAHBUBNAGAR,36,TELANGANA,point
16.875,78.125,538,MAHBUBNAGAR,36,TELANGANA,point
16.875,78.375,537,RANGA REDDY,36,TELANGANA,point
16.875,78.625,537,RANGA REDDY,36,TELANGANA,point
16.875,78.875,539,NALGONDA,36,TELANGANA,point
16.875,79.125,539,NALGONDA,36,TELANGANA,point
16.875,79.375,539,NALGONDA,36,TELANGANA,point
16.875,79.625,539,NALGONDA,36,TELANGANA,point
16.875,79.875,745,SURYAPET,36,TELANGANA,point
16.875,80.125,689,NTR,28,ANDHRA PRADESH,point
16.875,80.375,541,KHAMMAM,36,TELANGANA,point
16.875,80.625,689,NTR,28,ANDHRA PRADESH,point
16.875,80.875,688,Eluru,28,ANDHRA PRADESH,point
16.875,81.125,688,Eluru,28,ANDHRA PRADESH,point
16.875,81.375,688,Eluru,28,ANDHRA PRADESH,point
16.875,81.625,546,West Godavari,28,ANDHRA PRADESH,point
16.875,81.875,687,Dr. B.R. Ambedkar Konaseema,28,ANDHRA PRADESH,point
16.875,82.125,686,Kakinada,28,ANDHRA PRADESH,point
16.875,82.375,686,Kakinada,28,ANDHRA PRADESH,overlap
17.125,73.125,528,RATNAGIRI,27,MAHARASHTRA,overlap
17.125,73.375,528,RATNAGIRI,27,MAHARASHTRA,point
17.125,73.625,528,RATNAGIRI,27,MAHARASHTRA,point
17.125,73.875,531,SANGLI,27,MAHARASHTRA,point
17.125,74.125,527,SATARA,27,MAHARASHTRA,point
17.125,74.375,531,SANGLI,27,MAHARASHTRA,point
17.125,74.625,531,SANGLI,27,MAHARASHTRA,point
17.125,74.875,531,SANGLI,27,MAHARASHTRA,point
17.125,75.125,531,SANGLI,27,MAHARASHTRA,point
17.125,75.375,531,SANGLI,27,MAHARASHTRA,point
17.125,75.625,531,SANGLI,27,MAHARASHTRA,point
17.125,75.875,557,Vijayapura,29,KARNATAKA,point
17.125,76.125,557,Vijayapura,29,KARNATAKA,point
17.125,76.375,579,Kalaburagi,29,KARNATAKA,point
17.125,76.625,579,Kalaburagi,29,KARNATAKA,point
17.125,76.875,579,Kalaburagi,29,KARNATAKA,point
17.125,77.125,579,Kalaburagi,29,KARNATAKA,point
17.125,77.375,579,Kalaburagi,29,KARNATAKA,point
17.125,77.625,747,VIKARABAD,36,TELANGANA,point
17.125,77.875,747,VIKARABAD,36,TELANGANA,point
17.125,78.125,537,RANGA REDDY,36,TELANGANA,point
17.125,78.375,537,RANGA REDDY,36,TELANGANA,point
17.125,78.625,537,RANGA REDDY,36,TELANGANA,point
17.125,78.875,746,YADADRI BHUVANAGIRI,36,TELANGANA,point
17.125,79.125,539,NALGONDA,36,TELANGANA,point
17.125,79.375,539,NALGONDA,36,TELANGANA,point
17.125,79.625,745,SURYAPET,36,TELANGANA,point
17.125,79.875,745,SURYAPET,36,TELANGANA,point
17.125,80.125,541,KHAMMAM,36,TELANGANA,point
17.125,80.375,541,KHAMMAM,36,TELANGANA,point
17.125,80.625,689,NTR,28,ANDHRA PRADESH,point
17.125,80.875,688,Eluru,28,ANDHRA PRADESH,point
17.125,81.125,688,Eluru,28,ANDHRA PRADESH,point
17.125,81.375,688,Eluru,28,ANDHRA PRADESH,point
17.125,81.625,545,East Godavari,28,ANDHRA PRADESH,point
17.125,81.875,545,East Godavari,28,ANDHRA PRADESH,point
17.125,82.125,686,Kakinada,28,ANDHRA PRADESH,point
17.125,82.375,686,Kakinada,28,ANDHRA PRADESH,point
17.125,82.625,686,Kakinada,28,ANDHRA PRADESH,overlap
17.375,73.125,528,RATNAGIRI,27,MAHARASHTRA,overlap
17.375,73.375,528,RATNAGIRI,27,MAHARASHTRA,point
17.375,73.625,528,RATNAGIRI,27,MAHARASHTRA,point
17.375,73.875,527,SATARA,27,MAHARASHTRA,point
17.375,74.125,527,SATARA,27,MAHARASHTRA,point
17.375,74.375,531,SANGLI,27,MAHARASHTRA,point
17.375,74.625,531,SANGLI,27,MAHARASHTRA,point
17.375,74.875,531,SANGLI,27,MAHARASHTRA,point
17.375,75.125,526,SOLAPUR,27,MAHARASHTRA,point
17.375,75.375,526,SOLAPUR,27,MAHARASHTRA,point
17.375,75.625,557,Vijayapura,29,KARNATAKA,point
17.375,75.875,557,Vijayapura,29,KARNATAKA,point
17.375,76.125,526,SOLAPUR,27,MAHARASHTRA,point
17.375,76.375,526,SOLAPUR,27,MAHARASHTRA,point
17.375,76.625,579,Kalaburagi,29,KARNATAKA,point
17.375,76.875,579,Kalaburagi,29,KARNATAKA,point
17.375,77.125,579,Kalaburagi,29,KARNATAKA,point
17.375,77.375,579,Kalaburagi,29,KARNATAKA,point
17.375,77.625,747,VIKARABAD,36,TELANGANA,point
17.375,77.875,747,VIKARABAD,36,TELANGANA,point
17.375,78.125,537,RANGA REDDY,36,TELANGANA,point
17.375,78.375,536,HYDERABAD,36,TELANGANA,point
17.375,78.625,537,RANGA REDDY,36,TELANGANA,point
17.375,78.875,746,YADADRI BHUVANAGIRI,36,TELANGANA,point
17.375,79.125,746,YADADRI BHUVANAGIRI,36,TELANGANA,point
17.375,79.375,746,YADADRI BHUVANAGIRI,36,TELANGANA,point
17.375,79.625,745,SURYAPET,36,TELANGANA,point
17.375,79.875,738,MAHABUBABAD,36,TELANGANA,point
17.375,80.125,541,KHAMMAM,36,TELANGANA,point
17.375,80.375,541,KHAMMAM,36,TELANGANA,point
17.375,80.625,739,BHADRADRI KOTHAGUDEM,36,TELANGANA,point
17.375,80.875,739,BHADRADRI KOTHAGUDEM,36,TELANGANA,point
17.375,81.125,739,BHADRADRI KOTHAGUDEM,36,TELANGANA,point
17.375,81.375,688,Eluru,28,ANDHRA PRADESH,point
17.375,81.625,684,Alluri Sitarama Raju,28,ANDHRA PRADESH,point
17.375,81.875,684,Alluri Sitarama Raju,28,ANDHRA PRADESH,point
17.375,82.125,684,Alluri Sitarama Raju,28,ANDHRA PRADESH,point
17.375,82.375,686,Kakinada,28,ANDHRA PRADESH,point
17.375,82.625,685,Anakapalli,28,ANDHRA PRADESH,point
17.375,82.875,685,Anakapalli,28,ANDHRA PRADESH,overlap
17.375,83.125,685,Anakapalli,28,ANDHRA PRADESH,overlap
17.625,73.125,528,RATNAGIRI,27,MAHARASHTRA,overlap
17.625,73.375,528,RATNAGIRI,27,MAHARASHTRA,point
17.625,73.625,528,RATNAGIRI,27,MAHARASHTRA,point
17.625,73.875,527,SATARA,27,MAHARASHTRA,point
17.625,74.125,527,SATARA,27,MAHARASHTRA,point
17.625,74.375,527,SATARA,27,MAHARASHTRA,point
17.625,74.625,527,SATARA,27,MAHARASHTRA,point
17.625,74.875,527,SATARA,27,MAHARASHTRA,point
17.625,75.125,526,SOLAPUR,27,MAHARASHTRA,point
17.625,75.375,526,SOLAPUR,27,MAHARASHTRA,point
17.625,75.625,526,SOLAPUR,27,MAHARASHTRA,point
17.625,75.875,526,SOLAPUR,27,MAHARASHTRA,point
17.625,76.125,526,SOLAPUR,27,MAHARASHTRA,point
17.625,76.375,526,SOLAPUR,27,MAHARASHTRA,point
17.625,76.625,579,Kalaburagi,29,KARNATAKA,point
17.625,76.875,579,Kalaburagi,29,KARNATAKA,point
17.625,77.125,579,Kalaburagi,29,KARNATAKA,point
17.625,77.375,558,B\dar,29,KARNATAKA,point
17.625,77.625,740,SANGAREDDY,36,TELANGANA,point
17.625,77.875,740,SANGAREDDY,36,TELANGANA,point
17.625,78.125,740,SANGAREDDY,36,TELANGANA,point
17.625,78.375,740,SANGAREDDY,36,TELANGANA,point
17.625,78.625,749,MEDCHAL-MALKAJGIRI,36,TELANGANA,point
17.625,78.875,746,YADADRI BHUVANAGIRI,36,TELANGANA,point
17.625,79.125,746,YADADRI BHUVANAGIRI,36,TELANGANA,point
17.625,79.375,737,JANGAON,36,TELANGANA,point
17.625,79.625,540,WARANGAL,36,TELANGANA,point
17.625,79.875,738,MAHABUBABAD,36,TELANGANA,point
17.625,80.125,738,MAHABUBABAD,36,TELANGANA,point
17.625,80.375,739,BHADRADRI KOTHAGUDEM,36,TELANGANA,point
17.625,80.625,739,BHADRADRI KOTHAGUDEM,36,TELANGANA,point
17.625,80.875,688,Eluru,28,ANDHRA PRADESH,point
17.625,81.125,684,Alluri Sitarama Raju,28,ANDHRA PRADESH,point
17.625,81.375,684,Alluri Sitarama Raju,28,ANDHRA PRADESH,point
17.625,81.625,684,Alluri Sitarama Raju,28,ANDHRA PRADESH,point
17.625,81.875,684,Alluri Sitarama Raju,28,ANDHRA PRADESH,point
17.625,82.125,684,Alluri Sitarama Raju,28,ANDHRA PRADESH,point
17.625,82.375,684,Alluri Sitarama Raju,28,ANDHRA PRADESH,point
17.625,82.625,685,Anakapalli,28,ANDHRA PRADESH,point
17.625,82.875,685,Anakapalli,28,ANDHRA PRADESH,point
17.625,83.125,685,Anakapalli,28,ANDHRA PRADESH,point
17.625,83.375,544,Visakhapatnam,28,ANDHRA PRADESH,overlap
17.875,73.125,528,RATNAGIRI,27,MAHARASHTRA,point
17.875,73.375,528,RATNAGIRI,27,MAHARASHTRA,point
17.875,73.625,527,SATARA,27,MAHARASHTRA,point
17.875,73.875,527,SATARA,27,MAHARASHTRA,point
17.875,74.125,527,SATARA,27,MAHARASHTRA,point
17.875,74.375,527,SATARA,27,MAHARASHTRA,point
17.875,74.625,527,SATARA,27,MAHARASHTRA,point
17.875,74.875,526,SOLAPUR,27,MAHARASHTRA,point
17.875,75.125,526,SOLAPUR,27,MAHARASHTRA,point
17.875,75.375,526,SOLAPUR,27,MAHARASHTRA,point
17.875,75.625,526,SOLAPUR,27,MAHARASHTRA,point
17.875,75.875,525,DHARASHIV,27,MAHARASHTRA,point
17.875,76.125,525,DHARASHIV,27,MAHARASHTRA,point
17.875,76.375,525,DHARASHIV,27,MAHARASHTRA,point
17.875,76.625,525,DHARASHIV,27,MAHARASHTRA,point
17.875,76.875,558,B\dar,29,KARNATAKA,point
17.875,77.125,558,B\dar,29,KARNATAKA,point
17.875,77.375,558,B\dar,29,KARNATAKA,point
17.875,77.625,740,SANGAREDDY,36,TELANGANA,point
17.875,77.875,740,SANGAREDDY,36,TELANGANA,point
17.875,78.125,535,MEDAK,36,TELANGANA,point
17.875,78.375,535,MEDAK,36,TELANGANA,point
17.875,78.625,741,SIDDIPET,36,TELANGANA,point
17.875,78.875,741,SIDDIPET,36,TELANGANA,point
17.875,79.125,737,JANGAON,36,TELANGANA,point
17.875,79.375,737,JANGAON,36,TELANGANA,point
17.875,79.625,540,WARANGAL,36,TELANGANA,point
17.875,79.875,540,WARANGAL,36,TELANGANA,point
17.875,80.125,738,MAHABUBABAD,36,TELANGANA,point
17.875,80.375,739,BHADRADRI KOTHAGUDEM,36,TELANGANA,point
17.875,80.625,739,BHADRADRI KOTHAGUDEM,36,TELANGANA,point
17.875,80.875,739,BHADRADRI KOTHAGUDEM,36,TELANGANA,point
17.875,81.125,649,SUKMA,22,CHHATTISGARH,point
17.875,81.375,649,SUKMA,22,CHHATTISGARH,point
17.875,81.625,399,MALKANGIRI,21,ODISHA,point
17.875,81.875,684,Alluri Sitarama Raju,28,ANDHRA PRADESH,point
17.875,82.125,684,Alluri Sitarama Raju,28,ANDHRA PRADESH,point
17.875,82.375,684,Alluri Sitarama Raju,28,ANDHRA PRADESH,point
17.875,82.625,684,Alluri Sitarama Raju,28,ANDHRA PRADESH,point
17.875,82.875,685,Anakapalli,28,ANDHRA PRADESH,point
17.875,83.125,685,Anakapalli,28,ANDHRA PRADESH,point
17.875,83.375,544,Visakhapatnam,28,ANDHRA PRADESH,point
17.875,83.625,543,Vizianagaram,28,ANDHRA PRADESH,overlap
18.125,72.875,520,RAIGAD,27,MAHARASHTRA,overlap
18.125,73.125,520,RAIGAD,27,MAHARASHTRA,point
18.125,73.375,520,RAIGAD,27,MAHARASHTRA,point
18.125,73.625,521,PUNE,27,MAHARASHTRA,point
18.125,73.875,521,PUNE,27,MAHARASHTRA,point
18.125,74.125,527,SATARA,27,MAHARASHTRA,point
18.125,74.375,521,PUNE,27,MAHARASHTRA,point
18.125,74.625,521,PUNE,27,MAHARASHTRA,point
18.125,74.875,521,PUNE,27,MAHARASHTRA,point
18.125,75.125,526,SOLAPUR,27,MAHARASHTRA,point
18.125,75.375,526,SOLAPUR,27,MAHARASHTRA,point
18.125,75.625,526,SOLAPUR,27,MAHARASHTRA,point
18.125,75.875,526,SOLAPUR,27,MAHARASHTRA,point
18.125,76.125,525,DHARASHIV,27,MAHARASHTRA,point
18.125,76.375,524,LATUR,27,MAHARASHTRA,point
18.125,76.625,524,LATUR,27,MAHARASHTRA,point
18.125,76.875,524,LATUR,27,MAHARASHTRA,point
18.125,77.125,558,B\dar,29,KARNATAKA,point
18.125,77.375,558,B\dar,29,KARNATAKA,point
18.125,77.625,740,SANGAREDDY,36,TELANGANA,point
18.125,77.875,740,SANGAREDDY,36,TELANGANA,point
18.125,78.125,719,KAMAREDDY,36,TELANGANA,point
18.125,78.375,535,MEDAK,36,TELANGANA,point
18.125,78.625,741,SIDDIPET,36,TELANGANA,point
18.125,78.875,741,SIDDIPET,36,TELANGANA,point
18.125,79.125,741,SIDDIPET,36,TELANGANA,point
18.125,79.375,731,HANUMAKONDA,36,TELANGANA,point
18.125,79.625,731,HANUMAKONDA,36,TELANGANA,point
18.125,79.875,762,MULUGU,36,TELANGANA,point
18.125,80.125,762,MULUGU,36,TELANGANA,point
18.125,80.375,762,MULUGU,36,TELANGANA,point
18.125,80.625,762,MULUGU,36,TELANGANA,point
18.125,80.875,739,BHADRADRI KOTHAGUDEM,36,TELANGANA,point
18.125,81.125,649,SUKMA,22,CHHATTISGARH,point
18.125,81.375,649,SUKMA,22,CHHATTISGARH,point
18.125,81.625,399,MALKANGIRI,21,ODISHA,point
18.125,81.875,399,MALKANGIRI,21,ODISHA,point
18.125,82.125,399,MALKANGIRI,21,ODISHA,point
18.125,82.375,684,Alluri Sitarama Raju,28,ANDHRA PRADESH,point
18.125,82.625,684,Alluri Sitarama Raju,28,ANDHRA PRADESH,point
18.125,82.875,684,Alluri Sitarama Raju,28,ANDHRA PRADESH,point
18.125,83.125,543,Vizianagaram,28,ANDHRA PRADESH,point
18.125,83.375,543,Vizianagaram,28,ANDHRA PRADESH,point
18.125,83.625,542,Srikakulam,28,ANDHRA PRADESH,point
18.125,83.875,542,Srikakulam,28,ANDHRA PRADESH,overlap
18.125,84.125,542,Srikakulam,28,ANDHRA PRADESH,overlap
18.375,72.875,520,RAIGAD,27,MAHARASHTRA,overlap
18.375,73.125,520,RAIGAD,27,MAHARASHTRA,point
18.375,73.375,520,RAIGAD,27,MAHARASHTRA,point
18.375,73.625,521,PUNE,27,MAHARASHTRA,point
18.375,73.875,521,PUNE,27,MAHARASHTRA,point
18.375,74.125,521,PUNE,27,MAHARASHTRA,point
18.375,74.375,521,PUNE,27,MAHARASHTRA,point
18.375,74.625,521,PUNE,27,MAHARASHTRA,point
18.375,74.875,522,AHILYANAGAR,27,MAHARASHTRA,point
18.375,75.125,526,SOLAPUR,27,MAHARASHTRA,point
18.375,75.375,525,DHARASHIV,27,MAHARASHTRA,point
18.375,75.625,525,DHARASHIV,27,MAHARASHTRA,point
18.375,75.875,525,DHARASHIV,27,MAHARASHTRA,point
18.375,76.125,525,DHARASHIV,27,MAHARASHTRA,point
18.375,76.375,524,LATUR,27,MAHARASHTRA,point
18.375,76.625,524,LATUR,27,MAHARASHTRA,point
18.375,76.875,524,LATUR,27,MAHARASHTRA,point
18.375,77.125,524,LATUR,27,MAHARASHTRA,point
18.375,77.375,558,B\dar,29,KARNATAKA,point
18.375,77.625,719,KAMAREDDY,36,TELANGANA,point
18.375,77.875,719,KAMAREDDY,36,TELANGANA,point
18.375,78.125,719,KAMAREDDY,36,TELANGANA,point
18.375,78.375,719,KAMAREDDY,36,TELANGANA,point
18.375,78.625,717,RAJANNA SIRCILLA,36,TELANGANA,point
18.375,78.875,717,RAJANNA SIRCILLA,36,TELANGANA,point
18.375,79.125,534,KARIMNAGAR,36,TELANGANA,point
18.375,79.375,534,KARIMNAGAR,36,TELANGANA,point
18.375,79.625,736,JAYASHANKAR BHUPALPALLI,36,TELANGANA,point
18.375,79.875,736,JAYASHANKAR BHUPALPALLI,36,TELANGANA,point
18.375,80.125,762,MULUGU,36,TELANGANA,point
18.375,80.375,762,MULUGU,36,TELANGANA,point
18.375,80.625,762,MULUGU,36,TELANGANA,point
18.375,80.875,417,BIJAPUR,22,CHHATTISGARH,point
18.375,81.125,649,SUKMA,22,CHHATTISGARH,point
18.375,81.375,649,SUKMA,22,CHHATTISGARH,point
18.375,81.625,649,SUKMA,22,CHHATTISGARH,point
18.375,81.875,399,MALKANGIRI,21,ODISHA,point
18.375,82.125,399,MALKANGIRI,21,ODISHA,point
18.375,82.375,399,MALKANGIRI,21,ODISHA,point
18.375,82.625,398,KORAPUT,21,ODISHA,point
18.375,82.875,684,Alluri Sitarama Raju,28,ANDHRA PRADESH,point
18.375,83.125,683,Parvathipuram Manyam,28,ANDHRA PRADESH,point
18.375,83.375,543,Vizianagaram,28,ANDHRA PRADESH,point
18.375,83.625,542,Srikakulam,28,ANDHRA PRADESH,point
18.375,83.875,542,Srikakulam,28,ANDHRA PRADESH,point
18.375,84.125,542,Srikakulam,28,ANDHRA PRADESH,point
18.375,84.375,542,Srikakulam,28,ANDHRA PRADESH,overlap
18.625,72.875,520,RAIGAD,27,MAHARASHTRA,overlap
18.625,73.125,520,RAIGAD,27,MAHARASHTRA,point
18.625,73.375,521,PUNE,27,MAHARASHTRA,point
18.625,73.625,521,PUNE,27,MAHARASHTRA,point
18.625,73.875,521,PUNE,27,MAHARASHTRA,point
18.625,74.125,521,PUNE,27,MAHARASHTRA,point
18.625,74.375,521,PUNE,27,MAHARASHTRA,point
18.625,74.625,522,AHILYANAGAR,27,MAHARASHTRA,point
18.625,74.875,522,AHILYANAGAR,27,MAHARASHTRA,point
18.625,75.125,522,AHILYANAGAR,27,MAHARASHTRA,point
18.625,75.375,522,AHILYANAGAR,27,MAHARASHTRA,point
18.625,75.625,525,DHARASHIV,27,MAHARASHTRA,point
18.625,75.875,525,DHARASHIV,27,MAHARASHTRA,point
18.625,76.125,523,BEED,27,MAHARASHTRA,point
18.625,76.375,523,BEED,27,MAHARASHTRA,point
18.625,76.625,524,LATUR,27,MAHARASHTRA,point
18.625,76.875,524,LATUR,27,MAHARASHTRA,point
18.625,77.125,524,LATUR,27,MAHARASHTRA,point
18.625,77.375,511,NANDED,27,MAHARASHTRA,point
18.625,77.625,511,NANDED,27,MAHARASHTRA,point
18.625,77.875,533,NIZAMABAD,36,TELANGANA,point
18.625,78.125,533,NIZAMABAD,36,TELANGANA,point
18.625,78.375,533,NIZAMABAD,36,TELANGANA,point
18.625,78.625,717,RAJANNA SIRCILLA,36,TELANGANA,point
18.625,78.875,714,JAGTIAL,36,TELANGANA,point
18.625,79.125,534,KARIMNAGAR,36,TELANGANA,point
18.625,79.375,715,PEDDAPALLI,36,TELANGANA,point
18.625,79.625,715,PEDDAPALLI,36,TELANGANA,point
18.625,79.875,736,JAYASHANKAR BHUPALPALLI,36,TELANGANA,point
18.625,80.125,736,JAYASHANKAR BHUPALPALLI,36,TELANGANA,point
18.625,80.375,417,BIJAPUR,22,CHHATTISGARH,point
18.625,80.625,417,BIJAPUR,22,CHHATTISGARH,point
18.625,80.875,417,BIJAPUR,22,CHHATTISGARH,point
18.625,81.125,417,BIJAPUR,22,CHHATTISGARH,point
18.625,81.375,416,DAKSHIN BASTAR DANTEWARA,22,CHHATTISGARH,point
18.625,81.625,649,SUKMA,22,CHHATTISGARH,point
18.625,81.875,649,SUKMA,22,CHHATTISGARH,point
18.625,82.125,399,MALKANGIRI,21,ODISHA,point
18.625,82.375,398,KORAPUT,21,ODISHA,point
18.625,82.625,398,KORAPUT,21,ODISHA,point
18.625,82.875,398,KORAPUT,21,ODISHA,point
18.625,83.125,683,Parvathipuram Manyam,28,ANDHRA PRADESH,point
18.625,83.375,683,Parvathipuram Manyam,28,ANDHRA PRADESH,point
18.625,83.625,543,Vizianagaram,28,ANDHRA PRADESH,point
18.625,83.875,683,Parvathipuram Manyam,28,ANDHRA PRADESH,point
18.625,84.125,542,Srikakulam,28,ANDHRA PRADESH,point
18.625,84.375,542,Srikakulam,28,ANDHRA PRADESH,point
18.625,84.625,542,Srikakulam,28,ANDHRA PRADESH,overlap
18.875,72.875,520,RAIGAD,27,MAHARASHTRA,overlap
18.875,73.125,520,RAIGAD,27,MAHARASHTRA,point
18.875,73.375,520,RAIGAD,27,MAHARASHTRA,point
18.875,73.625,521,PUNE,27,MAHARASHTRA,point
18.875,73.875,521,PUNE,27,MAHARASHTRA,point
18.875,74.125,521,PUNE,27,MAHARASHTRA,point
18.875,74.375,522,AHILYANAGAR,27,MAHARASHTRA,point
18.875,74.625,522,AHILYANAGAR,27,MAHARASHTRA,point
18.875,74.875,522,AHILYANAGAR,27,MAHARASHTRA,point
18.875,75.125,523,BEED,27,MAHARASHTRA,point
18.875,75.375,523,BEED,27,MAHARASHTRA,point
18.875,75.625,523,BEED,27,MAHARASHTRA,point
18.875,75.875,523,BEED,27,MAHARASHTRA,point
18.875,76.125,523,BEED,27,MAHARASHTRA,point
18.875,76.375,523,BEED,27,MAHARASHTRA,point
18.875,76.625,513,PARBHANI,27,MAHARASHTRA,point
18.875,76.875,513,PARBHANI,27,MAHARASHTRA,point
18.875,77.125,511,NANDED,27,MAHARASHTRA,point
18.875,77.375,511,NANDED,27,MAHARASHTRA,point
18.875,77.625,511,NANDED,27,MAHARASHTRA,point
18.875,77.875,511,NANDED,27,MAHARASHTRA,point
18.875,78.125,533,NIZAMABAD,36,TELANGANA,point
18.875,78.375,533,NIZAMABAD,36,TELANGANA,point
18.875,78.625,714,JAGTIAL,36,TELANGANA,point
18.875,78.875,714,JAGTIAL,36,TELANGANA,point
18.875,79.125,714,JAGTIAL,36,TELANGANA,point
18.875,79.375,697,MANCHERIAL,36,TELANGANA,point
18.875,79.625,697,MANCHERIAL,36,TELANGANA,point
18.875,79.875,697,MANCHERIAL,36,TELANGANA,point
18.875,80.125,508,GADCHIROLI,27,MAHARASHTRA,point
18.875,80.375,417,BIJAPUR,22,CHHATTISGARH,point
18.875,80.625,417,BIJAPUR,22,CHHATTISGARH,point
18.875,80.875,417,BIJAPUR,22,CHHATTISGARH,point
18.875,81.125,417,BIJAPUR,22,CHHATTISGARH,point
18.875,81.375,416,DAKSHIN BASTAR DANTEWARA,22,CHHATTISGARH,point
18.875,81.625,414,BASTAR,22,CHHATTISGARH,point
18.875,81.875,414,BASTAR,22,CHHATTISGARH,point
18.875,82.125,414,BASTAR,22,CHHATTISGARH,point
18.875,82.375,398,KORAPUT,21,ODISHA,point
18.875,82.625,398,KORAPUT,21,ODISHA,point
18.875,82.875,398,KORAPUT,21,ODISHA,point
18.875,83.125,398,KORAPUT,21,ODISHA,point
18.875,83.375,398,KORAPUT,21,ODISHA,point
18.875,83.625,683,Parvathipuram Manyam,28,ANDHRA PRADESH,point
18.875,83.875,389,GAJAPATI,21,ODISHA,point
18.875,84.125,389,GAJAPATI,21,ODISHA,point
18.875,84.375,389,GAJAPATI,21,ODISHA,point
18.875,84.625,542,Srikakulam,28,ANDHRA PRADESH,overlap
19.125,72.875,518,MUMBAI SUBURBAN,27,MAHARASHTRA,point
19.125,73.125,517,THANE,27,MAHARASHTRA,point
19.125,73.375,520,RAIGAD,27,MAHARASHTRA,point
19.125,73.625,521,PUNE,27,MAHARASHTRA,point
19.125,73.875,521,PUNE,27,MAHARASHTRA,point
19.125,74.125,521,PUNE,27,MAHARASHTRA,point
19.125,74.375,522,AHILYANAGAR,27,MAHARASHTRA,point
19.125,74.625,522,AHILYANAGAR,27,MAHARASHTRA,point
19.125,74.875,522,AHILYANAGAR,27,MAHARASHTRA,point
19.125,75.125,522,AHILYANAGAR,27,MAHARASHTRA,point
19.125,75.375,523,BEED,27,MAHARASHTRA,point
19.125,75.625,523,BEED,27,MAHARASHTRA,point
19.125,75.875,523,BEED,27,MAHARASHTRA,point
19.125,76.125,523,BEED,27,MAHARASHTRA,point
19.125,76.375,523,BEED,27,MAHARASHTRA,point
19.125,76.625,513,PARBHANI,27,MAHARASHTRA,point
19.125,76.875,513,PARBHANI,27,MAHARASHTRA,point
19.125,77.125,513,PARBHANI,27,MAHARASHTRA,point
19.125,77.375,511,NANDED,27,MAHARASHTRA,point
19.125,77.625,511,NANDED,27,MAHARASHTRA,point
19.125,77.875,700,NIRMAL,36,TELANGANA,point
19.125,78.125,700,NIRMAL,36,TELANGANA,point
19.125,78.375,700,NIRMAL,36,TELANGANA,point
19.125,78.625,700,NIRMAL,36,TELANGANA,point
19.125,78.875,700,NIRMAL,36,TELANGANA,point
19.125,79.125,697,MANCHERIAL,36,TELANGANA,point
19.125,79.375,697,MANCHERIAL,36,TELANGANA,point
19.125,79.625,697,MANCHERIAL,36,TELANGANA,point
19.125,79.875,697,MANCHERIAL,36,TELANGANA,point
19.125,80.125,508,GADCHIROLI,27,MAHARASHTRA,point
19.125,80.375,417,BIJAPUR,22,CHHATTISGARH,point
19.125,80.625,417,BIJAPUR,22,CHHATTISGARH,point
19.125,80.875,417,BIJAPUR,22,CHHATTISGARH,point
19.125,81.125,415,NARAYANPUR,22,CHHATTISGARH,point
19.125,81.375,416,DAKSHIN BASTAR DANTEWARA,22,CHHATTISGARH,point
19.125,81.625,414,BASTAR,22,CHHATTISGARH,point
19.125,81.875,414,BASTAR,22,CHHATTISGARH,point
19.125,82.125,414,BASTAR,22,CHHATTISGARH,point
19.125,82.375,398,KORAPUT,21,ODISHA,point
19.125,82.625,398,KORAPUT,21,ODISHA,point
19.125,82.875,398,KORAPUT,21,ODISHA,point
19.125,83.125,396,RAYAGARHA,21,ODISHA,point
19.125,83.375,396,RAYAGARHA,21,ODISHA,point
19.125,83.625,683,Parvathipuram Manyam,28,ANDHRA PRADESH,point
19.125,83.875,396,RAYAGARHA,21,ODISHA,point
19.125,84.125,389,GAJAPATI,21,ODISHA,point
19.125,84.375,389,GAJAPATI,21,ODISHA,point
19.125,84.625,542,Srikakulam,28,ANDHRA PRADESH,point
19.125,84.875,388,GANJAM,21,ODISHA,overlap
19.375,72.625,681,PALGHAR,27,MAHARASHTRA,overlap
19.375,72.875,681,PALGHAR,27,MAHARASHTRA,point
19.375,73.125,517,THANE,27,MAHARASHTRA,point
19.375,73.375,517,THANE,27,MAHARASHTRA,point
19.375,73.625,517,THANE,27,MAHARASHTRA,point
19.375,73.875,522,AHILYANAGAR,27,MAHARASHTRA,point
19.375,74.125,522,AHILYANAGAR,27,MAHARASHTRA,point
19.375,74.375,522,AHILYANAGAR,27,MAHARASHTRA,point
19.375,74.625,522,AHILYANAGAR,27,MAHARASHTRA,point
19.375,74.875,522,AHILYANAGAR,27,MAHARASHTRA,point
19.375,75.125,522,AHILYANAGAR,27,MAHARASHTRA,point
19.375,75.375,522,AHILYANAGAR,27,MAHARASHTRA,point
19.375,75.625,514,JALNA,27,MAHARASHTRA,point
19.375,75.875,523,BEED,27,MAHARASHTRA,point
19.375,76.125,514,JALNA,27,MAHARASHTRA,point
19.375,76.375,513,PARBHANI,27,MAHARASHTRA,point
19.375,76.625,513,PARBHANI,27,MAHARASHTRA,point
19.375,76.875,513,PARBHANI,27,MAHARASHTRA,point
19.375,77.125,512,HINGOLI,27,MAHARASHTRA,point
19.375,77.375,512,HINGOLI,27,MAHARASHTRA,point
19.375,77.625,511,NANDED,27,MAHARASHTRA,point
19.375,77.875,511,NANDED,27,MAHARASHTRA,point
19.375,78.125,511,NANDED,27,MAHARASHTRA,point
19.375,78.375,532,ADILABAD,36,TELANGANA,point
19.375,78.625,532,ADILABAD,36,TELANGANA,point
19.375,78.875,705,KUMURAM BHEEM,36,TELANGANA,point
19.375,79.125,705,KUMURAM BHEEM,36,TELANGANA,point
19.375,79.375,705,KUMURAM BHEEM,36,TELANGANA,point
19.375,79.625,705,KUMURAM BHEEM,36,TELANGANA,point
19.375,79.875,705,KUMURAM BHEEM,36,TELANGANA,point
19.375,80.125,508,GADCHIROLI,27,MAHARASHTRA,point
19.375,80.375,508,GADCHIROLI,27,MAHARASHTRA,point
19.375,80.625,508,GADCHIROLI,27,MAHARASHTRA,point
19.375,80.875,415,NARAYANPUR,22,CHHATTISGARH,point
19.375,81.125,415,NARAYANPUR,22,CHHATTISGARH,point
19.375,81.375,648,KONDAGAON,22,CHHATTISGARH,point
19.375,81.625,648,KONDAGAON,22,CHHATTISGARH,point
19.375,81.875,414,BASTAR,22,CHHATTISGARH,point
19.375,82.125,414,BASTAR,22,CHHATTISGARH,point
19.375,82.375,397,NABARANGAPUR,21,ODISHA,point
19.375,82.625,397,NABARANGAPUR,21,ODISHA,point
19.375,82.875,395,KALAHANDI,21,ODISHA,point
19.375,83.125,396,RAYAGARHA,21,ODISHA,point
19.375,83.375,396,RAYAGARHA,21,ODISHA,point
19.375,83.625,396,RAYAGARHA,21,ODISHA,point
19.375,83.875,396,RAYAGARHA,21,ODISHA,point
19.375,84.125,389,GAJAPATI,21,ODISHA,point
19.375,84.375,389,GAJAPATI,21,ODISHA,point
19.375,84.625,388,GANJAM,21,ODISHA,point
19.375,84.875,388,GANJAM,21,ODISHA,point
19.375,85.125,388,GANJAM,21,ODISHA,overlap
19.625,72.625,681,PALGHAR,27,MAHARASHTRA,overlap
19.625,72.875,681,PALGHAR,27,MAHARASHTRA,point
19.625,73.125,681,PALGHAR,27,MAHARASHTRA,point
19.625,73.375,517,THANE,27,MAHARASHTRA,point
19.625,73.625,516,NASHIK,27,MAHARASHTRA,point
19.625,73.875,522,AHILYANAGAR,27,MAHARASHTRA,point
19.625,74.125,522,AHILYANAGAR,27,MAHARASHTRA,point
19.625,74.375,522,AHILYANAGAR,27,MAHARASHTRA,point
19.625,74.625,522,AHILYANAGAR,27,MAHARASHTRA,point
19.625,74.875,522,AHILYANAGAR,27,MAHARASHTRA,point
19.625,75.125,515,CHHATRAPATI SAMBHAJI NAGAR,27,MAHARASHTRA,point
19.625,75.375,515,CHHATRAPATI SAMBHAJI NAGAR,27,MAHARASHTRA,point
19.625,75.625,514,JALNA,27,MAHARASHTRA,point
19.625,75.875,514,JALNA,27,MAHARASHTRA,point
19.625,76.125,514,JALNA,27,MAHARASHTRA,point
19.625,76.375,514,JALNA,27,MAHARASHTRA,point
19.625,76.625,513,PARBHANI,27,MAHARASHTRA,point
19.625,76.875,512,HINGOLI,27,MAHARASHTRA,point
19.625,77.125,512,HINGOLI,27,MAHARASHTRA,point
19.625,77.375,512,HINGOLI,27,MAHARASHTRA,point
19.625,77.625,511,NANDED,27,MAHARASHTRA,point
19.625,77.875,510,YAVATMAL,27,MAHARASHTRA,point
19.625,78.125,510,YAVATMAL,27,MAHARASHTRA,point
19.625,78.375,532,ADILABAD,36,TELANGANA,point
19.625,78.625,532,ADILABAD,36,TELANGANA,point
19.625,78.875,532,ADILABAD,36,TELANGANA,point
19.625,79.125,509,CHANDRAPUR,27,MAHARASHTRA,point
19.625,79.375,509,CHANDRAPUR,27,MAHARASHTRA,point
19.625,79.625,509,CHANDRAPUR,27,MAHARASHTRA,point
19.625,79.875,508,GADCHIROLI,27,MAHARASHTRA,point
19.625,80.125,508,GADCHIROLI,27,MAHARASHTRA,point
19.625,80.375,508,GADCHIROLI,27,MAHARASHTRA,point
19.625,80.625,508,GADCHIROLI,27,MAHARASHTRA,point
19.625,80.875,415,NARAYANPUR,22,CHHATTISGARH,point
19.625,81.125,415,NARAYANPUR,22,CHHATTISGARH,point
19.625,81.375,415,NARAYANPUR,22,CHHATTISGARH,point
19.625,81.625,648,KONDAGAON,22,CHHATTISGARH,point
19.625,81.875,648,KONDAGAON,22,CHHATTISGARH,point
19.625,82.125,397,NABARANGAPUR,21,ODISHA,point
19.625,82.375,397,NABARANGAPUR,21,ODISHA,point
19.625,82.625,395,KALAHANDI,21,ODISHA,point
19.625,82.875,395,KALAHANDI,21,ODISHA,point
19.625,83.125,395,KALAHANDI,21,ODISHA,point
19.625,83.375,396,RAYAGARHA,21,ODISHA,point
19.625,83.625,396,RAYAGARHA,21,ODISHA,point
19.625,83.875,396,RAYAGARHA,21,ODISHA,point
19.625,84.125,389,GAJAPATI,21,ODISHA,point
19.625,84.375,388,GANJAM,21,ODISHA,point
19.625,84.625,388,GANJAM,21,ODISHA,point
19.625,84.875,388,GANJAM,21,ODISHA,point
19.625,85.125,388,GANJAM,21,ODISHA,point
19.625,85.375,387,PURI,21,ODISHA,point
19.625,85.625,387,PURI,21,ODISHA,overlap
19.875,72.625,681,PALGHAR,27,MAHARASHTRA,overlap
19.875,72.875,681,PALGHAR,27,MAHARASHTRA,point
19.875,73.125,681,PALGHAR,27,MAHARASHTRA,point
19.875,73.375,681,PALGHAR,27,MAHARASHTRA,point
19.875,73.625,516,NASHIK,27,MAHARASHTRA,point
19.875,73.875,516,NASHIK,27,MAHARASHTRA,point
19.875,74.125,516,NASHIK,27,MAHARASHTRA,point
19.875,74.375,522,AHILYANAGAR,27,MAHARASHTRA,point
19.875,74.625,522,AHILYANAGAR,27,MAHARASHTRA,point
19.875,74.875,515,CHHATRAPATI SAMBHAJI NAGAR,27,MAHARASHTRA,point
19.875,75.125,515,CHHATRAPATI SAMBHAJI NAGAR,27,MAHARASHTRA,point
19.875,75.375,515,CHHATRAPATI SAMBHAJI NAGAR,27,MAHARASHTRA,point
19.875,75.625,515,CHHATRAPATI SAMBHAJI NAGAR,27,MAHARASHTRA,point
19.875,75.875,514,JALNA,27,MAHARASHTRA,point
19.875,76.125,500,BULDHANA,27,MAHARASHTRA,point
19.875,76.375,514,JALNA,27,MAHARASHTRA,point
19.875,76.625,500,BULDHANA,27,MAHARASHTRA,point
19.875,76.875,512,HINGOLI,27,MAHARASHTRA,point
19.875,77.125,512,HINGOLI,27,MAHARASHTRA,point
19.875,77.375,510,YAVATMAL,27,MAHARASHTRA,point
19.875,77.625,510,YAVATMAL,27,MAHARASHTRA,point
19.875,77.875,510,YAVATMAL,27,MAHARASHTRA,point
19.875,78.125,511,NANDED,27,MAHARASHTRA,point
19.875,78.375,532,ADILABAD,36,TELANGANA,point
19.875,78.625,510,YAVATMAL,27,MAHARASHTRA,point
19.875,78.875,510,YAVATMAL,27,MAHARASHTRA,point
19.875,79.125,510,YAVATMAL,27,MAHARASHTRA,point
19.875,79.375,509,CHANDRAPUR,27,MAHARASHTRA,point
19.875,79.625,509,CHANDRAPUR,27,MAHARASHTRA,point
19.875,79.875,508,GADCHIROLI,27,MAHARASHTRA,point
19.875,80.125,508,GADCHIROLI,27,MAHARASHTRA,point
19.875,80.375,508,GADCHIROLI,27,MAHARASHTRA,point
19.875,80.625,413,UTTAR BASTAR KANKER,22,CHHATTISGARH,point
19.875,80.875,415,NARAYANPUR,22,CHHATTISGARH,point
19.875,81.125,413,UTTAR BASTAR KANKER,22,CHHATTISGARH,point
19.875,81.375,413,UTTAR BASTAR KANKER,22,CHHATTISGARH,point
19.875,81.625,648,KONDAGAON,22,CHHATTISGARH,point
19.875,81.875,648,KONDAGAON,22,CHHATTISGARH,point
19.875,82.125,397,NABARANGAPUR,21,ODISHA,point
19.875,82.375,647,GARIYABAND,22,CHHATTISGARH,point
19.875,82.625,647,GARIYABAND,22,CHHATTISGARH,point
19.875,82.875,395,KALAHANDI,21,ODISHA,point
19.875,83.125,395,KALAHANDI,21,ODISHA,point
19.875,83.375,395,KALAHANDI,21,ODISHA,point
19.875,83.625,390,KANDHAMAL,21,ODISHA,point
19.875,83.875,390,KANDHAMAL,21,ODISHA,point
19.875,84.125,390,KANDHAMAL,21,ODISHA,point
19.875,84.375,390,KANDHAMAL,21,ODISHA,point
19.875,84.625,388,GANJAM,21,ODISHA,point
19.875,84.875,388,GANJAM,21,ODISHA,point
19.875,85.125,386,KHORDHA,21,ODISHA,point
19.875,85.375,386,KHORDHA,21,ODISHA,point
19.875,85.625,387,PURI,21,ODISHA,point
19.875,85.875,387,PURI,21,ODISHA,point
19.875,86.125,387,PURI,21,ODISHA,point
19.875,86.375,387,PURI,21,ODISHA,overlap
20.125,72.625,681,PALGHAR,27,MAHARASHTRA,overlap
20.125,72.875,681,PALGHAR,27,MAHARASHTRA,point
20.125,73.125,496,DADRA AND NAGAR HAVELI,26,DADRA & NAGAR HAVELI & DAMAN & DIU,point
20.125,73.375,516,NASHIK,27,MAHARASHTRA,point
20.125,73.625,516,NASHIK,27,MAHARASHTRA,point
20.125,73.875,516,NASHIK,27,MAHARASHTRA,point
20.125,74.125,516,NASHIK,27,MAHARASHTRA,point
20.125,74.375,516,NASHIK,27,MAHARASHTRA,point
20.125,74.625,516,NASHIK,27,MAHARASHTRA,point
20.125,74.875,515,CHHATRAPATI SAMBHAJI NAGAR,27,MAHARASHTRA,point
20.125,75.125,515,CHHATRAPATI SAMBHAJI NAGAR,27,MAHARASHTRA,point
20.125,75.375,515,CHHATRAPATI SAMBHAJI NAGAR,27,MAHARASHTRA,point
20.125,75.625,515,CHHATRAPATI SAMBHAJI NAGAR,27,MAHARASHTRA,point
20.125,75.875,514,JALNA,27,MAHARASHTRA,point
20.125,76.125,500,BULDHANA,27,MAHARASHTRA,point
20.125,76.375,500,BULDHANA,27,MAHARASHTRA,point
20.125,76.625,500,BULDHANA,27,MAHARASHTRA,point
20.125,76.875,502,WASHIM,27,MAHARASHTRA,point
20.125,77.125,502,WASHIM,27,MAHARASHTRA,point
20.125,77.375,502,WASHIM,27,MAHARASHTRA,point
20.125,77.625,502,WASHIM,27,MAHARASHTRA,point
20.125,77.875,510,YAVATMAL,27,MAHARASHTRA,point
20.125,78.125,510,YAVATMAL,27,MAHARASHTRA,point
20.125,78.375,510,YAVATMAL,27,MAHARASHTRA,point
20.125,78.625,510,YAVATMAL,27,MAHARASHTRA,point
20.125,78.875,510,YAVATMAL,27,MAHARASHTRA,point
20.125,79.125,509,CHANDRAPUR,27,MAHARASHTRA,point
20.125,79.375,509,CHANDRAPUR,27,MAHARASHTRA,point
20.125,79.625,509,CHANDRAPUR,27,MAHARASHTRA,point
20.125,79.875,509,CHANDRAPUR,27,MAHARASHTRA,point
20.125,80.125,508,GADCHIROLI,27,MAHARASHTRA,point
20.125,80.375,508,GADCHIROLI,27,MAHARASHTRA,point
20.125,80.625,413,UTTAR BASTAR KANKER,22,CHHATTISGARH,point
20.125,80.875,413,UTTAR BASTAR KANKER,22,CHHATTISGARH,point
20.125,81.125,413,UTTAR BASTAR KANKER,22,CHHATTISGARH,point
20.125,81.375,413,UTTAR BASTAR KANKER,22,CHHATTISGARH,point
20.125,81.625,648,KONDAGAON,22,CHHATTISGARH,point
20.125,81.875,412,DHAMTARI,22,CHHATTISGARH,point
20.125,82.125,647,GARIYABAND,22,CHHATTISGARH,point
20.125,82.375,647,GARIYABAND,22,CHHATTISGARH,point
20.125,82.625,394,NUAPARHA,21,ODISHA,point
20.125,82.875,395,KALAHANDI,21,ODISHA,point
20.125,83.125,395,KALAHANDI,21,ODISHA,point
20.125,83.375,395,KALAHANDI,21,ODISHA,point
20.125,83.625,395,KALAHANDI,21,ODISHA,point
20.125,83.875,390,KANDHAMAL,21,ODISHA,point
20.125,84.125,390,KANDHAMAL,21,ODISHA,point
20.125,84.375,390,KANDHAMAL,21,ODISHA,point
20.125,84.625,388,GANJAM,21,ODISHA,point
20.125,84.875,385,NAYAGARH,21,ODISHA,point
20.125,85.125,385,NAYAGARH,21,ODISHA,point
20.125,85.375,385,NAYAGARH,21,ODISHA,point
20.125,85.625,386,KHORDHA,21,ODISHA,point
20.125,85.875,386,KHORDHA,21,ODISHA,point
20.125,86.125,381,CUTTACK,21,ODISHA,point
20.125,86.375,380,JAGATSINGHPUR,21,ODISHA,point
20.125,86.625,380,JAGATSINGHPUR,21,ODISHA,overlap
20.375,72.875,495,DAMAN,26,DADRA & NAGAR HAVELI & DAMAN & DIU,point
20.375,73.125,491,VALSAD,24,GUJARAT,point
20.375,73.375,491,VALSAD,24,GUJARAT,point
20.375,73.625,516,NASHIK,27,MAHARASHTRA,point
20.375,73.875,516,NASHIK,27,MAHARASHTRA,point
20.375,74.125,516,NASHIK,27,MAHARASHTRA,point
20.375,74.375,516,NASHIK,27,MAHARASHTRA,point
20.375,74.625,516,NASHIK,27,MAHARASHTRA,point
20.375,74.875,499,JALGAON,27,MAHARASHTRA,point
20.375,75.125,515,CHHATRAPATI SAMBHAJI NAGAR,27,MAHARASHTRA,point
20.375,75.375,515,CHHATRAPATI SAMBHAJI NAGAR,27,MAHARASHTRA,point
20.375,75.625,515,CHHATRAPATI SAMBHAJI NAGAR,27,MAHARASHTRA,point
20.375,75.875,514,JALNA,27,MAHARASHTRA,point
20.375,76.125,500,BULDHANA,27,MAHARASHTRA,point
20.375,76.375,500,BULDHANA,27,MAHARASHTRA,point
20.375,76.625,500,BULDHANA,27,MAHARASHTRA,point
20.375,76.875,501,AKOLA,27,MAHARASHTRA,point
20.375,77.125,502,WASHIM,27,MAHARASHTRA,point
20.375,77.375,502,WASHIM,27,MAHARASHTRA,point
20.375,77.625,510,YAVATMAL,27,MAHARASHTRA,point
20.375,77.875,510,YAVATMAL,27,MAHARASHTRA,point
20.375,78.125,510,YAVATMAL,27,MAHARASHTRA,point
20.375,78.375,510,YAVATMAL,27,MAHARASHTRA,point
20.375,78.625,510,YAVATMAL,27,MAHARASHTRA,point
20.375,78.875,509,CHANDRAPUR,27,MAHARASHTRA,point
20.375,79.125,509,CHANDRAPUR,27,MAHARASHTRA,point
20.375,79.375,509,CHANDRAPUR,27,MAHARASHTRA,point
20.375,79.625,509,CHANDRAPUR,27,MAHARASHTRA,point
20.375,79.875,509,CHANDRAPUR,27,MAHARASHTRA,point
20.375,80.125,508,GADCHIROLI,27,MAHARASHTRA,point
20.375,80.375,508,GADCHIROLI,27,MAHARASHTRA,point
20.375,80.625,756,MOHLA-MANPUR-AMBAGARH CHOWKI,22,CHHATTISGARH,point
20.375,80.875,413,UTTAR BASTAR KANKER,22,CHHATTISGARH,point
20.375,81.125,413,UTTAR BASTAR KANKER,22,CHHATTISGARH,point
20.375,81.375,413,UTTAR BASTAR KANKER,22,CHHATTISGARH,point
20.375,81.625,413,UTTAR BASTAR KANKER,22,CHHATTISGARH,point
20.375,81.875,412,DHAMTARI,22,CHHATTISGARH,point
20.375,82.125,647,GARIYABAND,22,CHHATTISGARH,point
20.375,82.375,647,GARIYABAND,22,CHHATTISGARH,point
20.375,82.625,394,NUAPARHA,21,ODISHA,point
20.375,82.875,393,BALANGIR,21,ODISHA,point
20.375,83.125,393,BALANGIR,21,ODISHA,point
20.375,83.375,393,BALANGIR,21,ODISHA,point
20.375,83.625,393,BALANGIR,21,ODISHA,point
20.375,83.875,390,KANDHAMAL,21,ODISHA,point
20.375,84.125,390,KANDHAMAL,21,ODISHA,point
20.375,84.375,390,KANDHAMAL,21,ODISHA,point
20.375,84.625,385,NAYAGARH,21,ODISHA,point
20.375,84.875,385,NAYAGARH,21,ODISHA,point
20.375,85.125,385,NAYAGARH,21,ODISHA,point
20.375,85.375,381,CUTTACK,21,ODISHA,point
20.375,85.625,381,CUTTACK,21,ODISHA,point
20.375,85.875,381,CUTTACK,21,ODISHA,point
20.375,86.125,381,CUTTACK,21,ODISHA,point
20.375,86.375,379,KENDRAPARA,21,ODISHA,point
20.375,86.625,379,KENDRAPARA,21,ODISHA,point
20.375,86.875,379,KENDRAPARA,21,ODISHA,overlap
20.625,70.625,652,GIR SOMNATH,24,GUJARAT,overlap
20.625,70.875,652,GIR SOMNATH,24,GUJARAT,overlap
20.625,71.125,652,GIR SOMNATH,24,GUJARAT,overlap
20.625,72.875,491,VALSAD,24,GUJARAT,overlap
20.625,73.125,490,NAVSARI,24,GUJARAT,point
20.625,73.375,490,NAVSARI,24,GUJARAT,point
20.625,73.625,489,DANGS,24,GUJARAT,point
20.625,73.875,516,NASHIK,27,MAHARASHTRA,point
20.625,74.125,516,NASHIK,27,MAHARASHTRA,point
20.625,74.375,516,NASHIK,27,MAHARASHTRA,point
20.625,74.625,516,NASHIK,27,MAHARASHTRA,point
20.625,74.875,499,JALGAON,27,MAHARASHTRA,point
20.625,75.125,499,JALGAON,27,MAHARASHTRA,point
20.625,75.375,499,JALGAON,27,MAHARASHTRA,point
20.625,75.625,499,JALGAON,27,MAHARASHTRA,point
20.625,75.875,499,JALGAON,27,MAHARASHTRA,point
20.625,76.125,500,BULDHANA,27,MAHARASHTRA,point
20.625,76.375,500,BULDHANA,27,MAHARASHTRA,point
20.625,76.625,500,BULDHANA,27,MAHARASHTRA,point
20.625,76.875,501,AKOLA,27,MAHARASHTRA,point
20.625,77.125,501,AKOLA,27,MAHARASHTRA,point
20.625,77.375,501,AKOLA,27,MAHARASHTRA,point
20.625,77.625,502,WASHIM,27,MAHARASHTRA,point
20.625,77.875,503,AMRAVATI,27,MAHARASHTRA,point
20.625,78.125,510,YAVATMAL,27,MAHARASHTRA,point
20.625,78.375,504,WARDHA,27,MAHARASHTRA,point
20.625,78.625,504,WARDHA,27,MAHARASHTRA,point
20.625,78.875,504,WARDHA,27,MAHARASHTRA,point
20.625,79.125,504,WARDHA,27,MAHARASHTRA,point
20.625,79.375,509,CHANDRAPUR,27,MAHARASHTRA,point
20.625,79.625,509,CHANDRAPUR,27,MAHARASHTRA,point
20.625,79.875,509,CHANDRAPUR,27,MAHARASHTRA,point
20.625,80.125,508,GADCHIROLI,27,MAHARASHTRA,point
20.625,80.375,508,GADCHIROLI,27,MAHARASHTRA,point
20.625,80.625,756,MOHLA-MANPUR-AMBAGARH CHOWKI,22,CHHATTISGARH,point
20.625,80.875,756,MOHLA-MANPUR-AMBAGARH CHOWKI,22,CHHATTISGARH,point
20.625,81.125,645,BALOD,22,CHHATTISGARH,point
20.625,81.375,645,BALOD,22,CHHATTISGARH,point
20.625,81.625,412,DHAMTARI,22,CHHATTISGARH,point
20.625,81.875,412,DHAMTARI,22,CHHATTISGARH,point
20.625,82.125,647,GARIYABAND,22,CHHATTISGARH,point
20.625,82.375,394,NUAPARHA,21,ODISHA,point
20.625,82.625,394,NUAPARHA,21,ODISHA,point
20.625,82.875,393,BALANGIR,21,ODISHA,point
20.625,83.125,393,BALANGIR,21,ODISHA,point
20.625,83.375,393,BALANGIR,21,ODISHA,point
20.625,83.625,392,SUBARNAPUR,21,ODISHA,point
20.625,83.875,391,BOUDH,21,ODISHA,point
20.625,84.125,391,BOUDH,21,ODISHA,point
20.625,84.375,391,BOUDH,21,ODISHA,point
20.625,84.625,391,BOUDH,21,ODISHA,point
20.625,84.875,384,ANUGUL,21,ODISHA,point
20.625,85.125,384,ANUGUL,21,ODISHA,point
20.625,85.375,383,DHENKANAL,21,ODISHA,point
20.625,85.625,383,DHENKANAL,21,ODISHA,point
20.625,85.875,381,CUTTACK,21,ODISHA,point
20.625,86.125,381,CUTTACK,21,ODISHA,point
20.625,86.375,382,JAJAPUR,21,ODISHA,point
20.625,86.625,379,KENDRAPARA,21,ODISHA,point
20.625,86.875,379,KENDRAPARA,21,ODISHA,point
20.625,87.125,379,KENDRAPARA,21,ODISHA,overlap
20.875,70.125,652,GIR SOMNATH,24,GUJARAT,overlap
20.875,70.375,652,GIR SOMNATH,24,GUJARAT,overlap
20.875,70.625,652,GIR SOMNATH,24,GUJARAT,point
20.875,70.875,652,GIR SOMNATH,24,GUJARAT,point
20.875,71.125,652,GIR SOMNATH,24,GUJARAT,point
20.875,71.375,480,AMRELI,24,GUJARAT,point
20.875,71.625,480,AMRELI,24,GUJARAT,overlap
20.875,72.625,490,NAVSARI,24,GUJARAT,overlap
20.875,72.875,490,NAVSARI,24,GUJARAT,point
20.875,73.125,490,NAVSARI,24,GUJARAT,point
20.875,73.375,493,TAPI,24,GUJARAT,point
20.875,73.625,489,DANGS,24,GUJARAT,point
20.875,73.875,489,DANGS,24,GUJARAT,point
20.875,74.125,498,DHULE,27,MAHARASHTRA,point
20.875,74.375,498,DHULE,27,MAHARASHTRA,point
20.875,74.625,498,DHULE,27,MAHARASHTRA,point
20.875,74.875,498,DHULE,27,MAHARASHTRA,point
20.875,75.125,499,JALGAON,27,MAHARASHTRA,point
20.875,75.375,499,JALGAON,27,MAHARASHTRA,point
20.875,75.625,499,JALGAON,27,MAHARASHTRA,point
20.875,75.875,499,JALGAON,27,MAHARASHTRA,point
20.875,76.125,500,BULDHANA,27,MAHARASHTRA,point
20.875,76.375,500,BULDHANA,27,MAHARASHTRA,point
20.875,76.625,500,BULDHANA,27,MAHARASHTRA,point
20.875,76.875,501,AKOLA,27,MAHARASHTRA,point
20.875,77.125,501,AKOLA,27,MAHARASHTRA,point
20.875,77.375,503,AMRAVATI,27,MAHARASHTRA,point
20.875,77.625,503,AMRAVATI,27,MAHARASHTRA,point
20.875,77.875,503,AMRAVATI,27,MAHARASHTRA,point
20.875,78.125,503,AMRAVATI,27,MAHARASHTRA,point
20.875,78.375,504,WARDHA,27,MAHARASHTRA,point
20.875,78.625,504,WARDHA,27,MAHARASHTRA,point
20.875,78.875,505,NAGPUR,27,MAHARASHTRA,point
20.875,79.125,505,NAGPUR,27,MAHARASHTRA,point
20.875,79.375,505,NAGPUR,27,MAHARASHTRA,point
20.875,79.625,506,BHANDARA,27,MAHARASHTRA,point
20.875,79.875,506,BHANDARA,27,MAHARASHTRA,point
20.875,80.125,507,GONDIA,27,MAHARASHTRA,point
20.875,80.375,507,GONDIA,27,MAHARASHTRA,point
20.875,80.625,408,RAJNANDGAON,22,CHHATTISGARH,point
20.875,80.875,408,RAJNANDGAON,22,CHHATTISGARH,point
20.875,81.125,645,BALOD,22,CHHATTISGARH,point
20.875,81.375,645,BALOD,22,CHHATTISGARH,point
20.875,81.625,412,DHAMTARI,22,CHHATTISGARH,point
20.875,81.875,412,DHAMTARI,22,CHHATTISGARH,point
20.875,82.125,647,GARIYABAND,22,CHHATTISGARH,point
20.875,82.375,411,MAHASAMUND,22,CHHATTISGARH,point
20.875,82.625,394,NUAPARHA,21,ODISHA,point
20.875,82.875,393,BALANGIR,21,ODISHA,point
20.875,83.125,370,BARGARH,21,ODISHA,point
20.875,83.375,393,BALANGIR,21,ODISHA,point
20.875,83.625,392,SUBARNAPUR,21,ODISHA,point
20.875,83.875,392,SUBARNAPUR,21,ODISHA,point
20.875,84.125,392,SUBARNAPUR,21,ODISHA,point
20.875,84.375,384,ANUGUL,21,ODISHA,point
20.875,84.625,384,ANUGUL,21,ODISHA,point
20.875,84.875,384,ANUGUL,21,ODISHA,point
20.875,85.125,384,ANUGUL,21,ODISHA,point
20.875,85.375,383,DHENKANAL,21,ODISHA,point
20.875,85.625,383,DHENKANAL,21,ODISHA,point
20.875,85.875,383,DHENKANAL,21,ODISHA,point
20.875,86.125,382,JAJAPUR,21,ODISHA,point
20.875,86.375,378,BHADRAK,21,ODISHA,point
20.875,86.625,378,BHADRAK,21,ODISHA,point
20.875,86.875,378,BHADRAK,21,ODISHA,point
21.125,69.875,478,PORBANDAR,24,GUJARAT,overlap
21.125,70.125,479,JUNAGADH,24,GUJARAT,point
21.125,70.375,479,JUNAGADH,24,GUJARAT,point
21.125,70.625,479,JUNAGADH,24,GUJARAT,point
21.125,70.875,479,JUNAGADH,24,GUJARAT,point
21.125,71.125,480,AMRELI,24,GUJARAT,point
21.125,71.375,480,AMRELI,24,GUJARAT,point
21.125,71.625,481,BHAVNAGAR,24,GUJARAT,point
21.125,71.875,481,BHAVNAGAR,24,GUJARAT,point
21.125,72.125,481,BHAVNAGAR,24,GUJARAT,overlap
21.125,72.625,492,SURAT,24,GUJARAT,point
21.125,72.875,492,SURAT,24,GUJARAT,point
21.125,73.125,492,SURAT,24,GUJARAT,point
21.125,73.375,493,TAPI,24,GUJARAT,point
21.125,73.625,497,NANDURBAR,27,MAHARASHTRA,point
21.125,73.875,497,NANDURBAR,27,MAHARASHTRA,point
21.125,74.125,498,DHULE,27,MAHARASHTRA,point
21.125,74.375,498,DHULE,27,MAHARASHTRA,point
21.125,74.625,498,DHULE,27,MAHARASHTRA,point
21.125,74.875,498,DHULE,27,MAHARASHTRA,point
21.125,75.125,499,JALGAON,27,MAHARASHTRA,point
21.125,75.375,499,JALGAON,27,MAHARASHTRA,point
21.125,75.625,499,JALGAON,27,MAHARASHTRA,point
21.125,75.875,499,JALGAON,27,MAHARASHTRA,point
21.125,76.125,499,JALGAON,27,MAHARASHTRA,point
21.125,76.375,467,BURHANPUR,23,MADHYA PRADESH,point
21.125,76.625,500,BULDHANA,27,MAHARASHTRA,point
21.125,76.875,501,AKOLA,27,MAHARASHTRA,point
21.125,77.125,501,AKOLA,27,MAHARASHTRA,point
21.125,77.375,503,AMRAVATI,27,MAHARASHTRA,point
21.125,77.625,503,AMRAVATI,27,MAHARASHTRA,point
21.125,77.875,503,AMRAVATI,27,MAHARASHTRA,point
21.125,78.125,503,AMRAVATI,27,MAHARASHTRA,point
21.125,78.375,504,WARDHA,27,MAHARASHTRA,point
21.125,78.625,505,NAGPUR,27,MAHARASHTRA,point
21.125,78.875,505,NAGPUR,27,MAHARASHTRA,point
21.125,79.125,505,NAGPUR,27,MAHARASHTRA,point
21.125,79.375,505,NAGPUR,27,MAHARASHTRA,point
21.125,79.625,506,BHANDARA,27,MAHARASHTRA,point
21.125,79.875,506,BHANDARA,27,MAHARASHTRA,point
21.125,80.125,507,GONDIA,27,MAHARASHTRA,point
21.125,80.375,507,GONDIA,27,MAHARASHTRA,point
21.125,80.625,408,RAJNANDGAON,22,CHHATTISGARH,point
21.125,80.875,408,RAJNANDGAON,22,CHHATTISGARH,point
21.125,81.125,408,RAJNANDGAON,22,CHHATTISGARH,point
21.125,81.375,409,DURG,22,CHHATTISGARH,point
21.125,81.625,410,RAIPUR,22,CHHATTISGARH,point
21.125,81.875,410,RAIPUR,22,CHHATTISGARH,point
21.125,82.125,411,MAHASAMUND,22,CHHATTISGARH,point
21.125,82.375,411,MAHASAMUND,22,CHHATTISGARH,point
21.125,82.625,411,MAHASAMUND,22,CHHATTISGARH,point
21.125,82.875,370,BARGARH,21,ODISHA,point
21.125,83.125,411,MAHASAMUND,22,CHHATTISGARH,point
21.125,83.375,370,BARGARH,21,ODISHA,point
21.125,83.625,392,SUBARNAPUR,21,ODISHA,point
21.125,83.875,392,SUBARNAPUR,21,ODISHA,point
21.125,84.125,372,SAMBALPUR,21,ODISHA,point
21.125,84.375,372,SAMBALPUR,21,ODISHA,point
21.125,84.625,372,SAMBALPUR,21,ODISHA,point
21.125,84.875,384,ANUGUL,21,ODISHA,point
21.125,85.125,384,ANUGUL,21,ODISHA,point
21.125,85.375,383,DHENKANAL,21,ODISHA,point
21.125,85.625,383,DHENKANAL,21,ODISHA,point
21.125,85.875,375,KEONJHAR (KENDUJHAR),21,ODISHA,point
21.125,86.125,375,KEONJHAR (KENDUJHAR),21,ODISHA,point
21.125,86.375,378,BHADRAK,21,ODISHA,point
21.125,86.625,377,BALASORE,21,ODISHA,point
21.125,86.875,378,BHADRAK,21,ODISHA,overlap
21.375,69.625,478,PORBANDAR,24,GUJARAT,overlap
21.375,69.875,478,PORBANDAR,24,GUJARAT,point
21.375,70.125,479,JUNAGADH,24,GUJARAT,point
21.375,70.375,479,JUNAGADH,24,GUJARAT,point
21.375,70.625,479,JUNAGADH,24,GUJARAT,point
21.375,70.875,480,AMRELI,24,GUJARAT,point
21.375,71.125,480,AMRELI,24,GUJARAT,point
21.375,71.375,480,AMRELI,24,GUJARAT,point
21.375,71.625,481,BHAVNAGAR,24,GUJARAT,point
21.375,71.875,481,BHAVNAGAR,24,GUJARAT,point
21.375,72.125,481,BHAVNAGAR,24,GUJARAT,point
21.375,72.625,492,SURAT,24,GUJARAT,point
21.375,72.875,492,SURAT,24,GUJARAT,point
21.375,73.125,492,SURAT,24,GUJARAT,point
21.375,73.375,492,SURAT,24,GUJARAT,point
21.375,73.625,493,TAPI,24,GUJARAT,point
21.375,73.875,493,TAPI,24,GUJARAT,point
21.375,74.125,497,NANDURBAR,27,MAHARASHTRA,point
21.375,74.375,497,NANDURBAR,27,MAHARASHTRA,point
21.375,74.625,498,DHULE,27,MAHARASHTRA,point
21.375,74.875,498,DHULE,27,MAHARASHTRA,point
21.375,75.125,498,DHULE,27,MAHARASHTRA,point
21.375,75.375,499,JALGAON,27,MAHARASHTRA,point
21.375,75.625,499,JALGAON,27,MAHARASHTRA,point
21.375,75.875,499,JALGAON,27,MAHARASHTRA,point
21.375,76.125,467,BURHANPUR,23,MADHYA PRADESH,point
21.375,76.375,467,BURHANPUR,23,MADHYA PRADESH,point
21.375,76.625,467,BURHANPUR,23,MADHYA PRADESH,point
21.375,76.875,503,AMRAVATI,27,MAHARASHTRA,point
21.375,77.125,503,AMRAVATI,27,MAHARASHTRA,point
21.375,77.375,503,AMRAVATI,27,MAHARASHTRA,point
21.375,77.625,503,AMRAVATI,27,MAHARASHTRA,point
21.375,77.875,503,AMRAVATI,27,MAHARASHTRA,point
21.375,78.125,503,AMRAVATI,27,MAHARASHTRA,point
21.375,78.375,505,NAGPUR,27,MAHARASHTRA,point
21.375,78.625,505,NAGPUR,27,MAHARASHTRA,point
21.375,78.875,505,NAGPUR,27,MAHARASHTRA,point
21.375,79.125,505,NAGPUR,27,MAHARASHTRA,point
21.375,79.375,505,NAGPUR,27,MAHARASHTRA,point
21.375,79.625,506,BHANDARA,27,MAHARASHTRA,point
21.375,79.875,507,GONDIA,27,MAHARASHTRA,point
21.375,80.125,507,GONDIA,27,MAHARASHTRA,point
21.375,80.375,507,GONDIA,27,MAHARASHTRA,point
21.375,80.625,457,BALAGHAT,23,MADHYA PRADESH,point
21.375,80.875,755,KHAIRGARH-CHHUIKHADAN-GANDAI,22,CHHATTISGARH,point
21.375,81.125,755,KHAIRGARH-CHHUIKHADAN-GANDAI,22,CHHATTISGARH,point
21.375,81.375,409,DURG,22,CHHATTISGARH,point
21.375,81.625,410,RAIPUR,22,CHHATTISGARH,point
21.375,81.875,410,RAIPUR,22,CHHATTISGARH,point
21.375,82.125,646,BALODA BAZAR,22,CHHATTISGARH,point
21.375,82.375,646,BALODA BAZAR,22,CHHATTISGARH,point
21.375,82.625,646,BALODA BAZAR,22,CHHATTISGARH,point
21.375,82.875,411,MAHASAMUND,22,CHHATTISGARH,point
21.375,83.125,411,MAHASAMUND,22,CHHATTISGARH,point
21.375,83.375,757,SARANGARH-BILAIGARH,22,CHHATTISGARH,point
21.375,83.625,370,BARGARH,21,ODISHA,point
21.375,83.875,370,BARGARH,21,ODISHA,point
21.375,84.125,372,SAMBALPUR,21,ODISHA,point
21.375,84.375,372,SAMBALPUR,21,ODISHA,point
21.375,84.625,373,DEOGARH,21,ODISHA,point
21.375,84.875,373,DEOGARH,21,ODISHA,point
21.375,85.125,384,ANUGUL,21,ODISHA,point
21.375,85.375,375,KEONJHAR (KENDUJHAR),21,ODISHA,point
21.375,85.625,375,KEONJHAR (KENDUJHAR),21,ODISHA,point
21.375,85.875,375,KEONJHAR (KENDUJHAR),21,ODISHA,point
21.375,86.125,376,MAYURBHANJ,21,ODISHA,point
21.375,86.375,376,MAYURBHANJ,21,ODISHA,point
21.375,86.625,377,BALASORE,21,ODISHA,point
21.375,86.875,377,BALASORE,21,ODISHA,point
21.375,87.125,377,BALASORE,21,ODISHA,overlap
21.625,69.375,478,PORBANDAR,24,GUJARAT,overlap
21.625,69.625,478,PORBANDAR,24,GUJARAT,point
21.625,69.875,478,PORBANDAR,24,GUJARAT,point
21.625,70.125,479,JUNAGADH,24,GUJARAT,point
21.625,70.375,479,JUNAGADH,24,GUJARAT,point
21.625,70.625,479,JUNAGADH,24,GUJARAT,point
21.625,70.875,480,AMRELI,24,GUJARAT,point
21.625,71.125,480,AMRELI,24,GUJARAT,point
21.625,71.375,480,AMRELI,24,GUJARAT,point
21.625,71.625,481,BHAVNAGAR,24,GUJARAT,point
21.625,71.875,481,BHAVNAGAR,24,GUJARAT,point
21.625,72.125,481,BHAVNAGAR,24,GUJARAT,point
21.625,72.375,481,BHAVNAGAR,24,GUJARAT,overlap
21.625,72.625,488,BHARUCH,24,GUJARAT,point
21.625,72.875,488,BHARUCH,24,GUJARAT,point
21.625,73.125,488,BHARUCH,24,GUJARAT,point
21.625,73.375,488,BHARUCH,24,GUJARAT,point
21.625,73.625,487,NARMADA,24,GUJARAT,point
21.625,73.875,497,NANDURBAR,27,MAHARASHTRA,point
21.625,74.125,497,NANDURBAR,27,MAHARASHTRA,point
21.625,74.375,497,NANDURBAR,27,MAHARASHTRA,point
21.625,74.625,497,NANDURBAR,27,MAHARASHTRA,point
21.625,74.875,498,DHULE,27,MAHARASHTRA,point
21.625,75.125,441,BARWANI,23,MADHYA PRADESH,point
21.625,75.375,441,BARWANI,23,MADHYA PRADESH,point
21.625,75.625,440,KHARGONE,23,MADHYA PRADESH,point
21.625,75.875,440,KHARGONE,23,MADHYA PRADESH,point
21.625,76.125,466,KHANDWA,23,MADHYA PRADESH,point
21.625,76.375,466,KHANDWA,23,MADHYA PRADESH,point
21.625,76.625,466,KHANDWA,23,MADHYA PRADESH,point
21.625,76.875,466,KHANDWA,23,MADHYA PRADESH,point
21.625,77.125,503,AMRAVATI,27,MAHARASHTRA,point
21.625,77.375,503,AMRAVATI,27,MAHARASHTRA,point
21.625,77.625,447,BETUL,23,MADHYA PRADESH,point
21.625,77.875,447,BETUL,23,MADHYA PRADESH,point
21.625,78.125,447,BETUL,23,MADHYA PRADESH,point
21.625,78.375,769,PANDHURNA,23,MADHYA PRADESH,point
21.625,78.625,769,PANDHURNA,23,MADHYA PRADESH,point
21.625,78.875,769,PANDHURNA,23,MADHYA PRADESH,point
21.625,79.125,505,NAGPUR,27,MAHARASHTRA,point
21.625,79.375,505,NAGPUR,27,MAHARASHTRA,point
21.625,79.625,457,BALAGHAT,23,MADHYA PRADESH,point
21.625,79.875,457,BALAGHAT,23,MADHYA PRADESH,point
21.625,80.125,457,BALAGHAT,23,MADHYA PRADESH,point
21.625,80.375,457,BALAGHAT,23,MADHYA PRADESH,point
21.625,80.625,457,BALAGHAT,23,MADHYA PRADESH,point
21.625,80.875,755,KHAIRGARH-CHHUIKHADAN-GANDAI,22,CHHATTISGARH,point
21.625,81.125,755,KHAIRGARH-CHHUIKHADAN-GANDAI,22,CHHATTISGARH,point
21.625,81.375,644,BEMETARA,22,CHHATTISGARH,point
21.625,81.625,644,BEMETARA,22,CHHATTISGARH,point
21.625,81.875,646,BALODA BAZAR,22,CHHATTISGARH,point
21.625,82.125,646,BALODA BAZAR,22,CHHATTISGARH,point
21.625,82.375,646,BALODA BAZAR,22,CHHATTISGARH,point
21.625,82.625,757,SARANGARH-BILAIGARH,22,CHHATTISGARH,point
21.625,82.875,757,SARANGARH-BILAIGARH,22,CHHATTISGARH,point
21.625,83.125,757,SARANGARH-BILAIGARH,22,CHHATTISGARH,point
21.625,83.375,757,SARANGARH-BILAIGARH,22,CHHATTISGARH,point
21.625,83.625,370,BARGARH,21,ODISHA,point
21.625,83.875,371,JHARSUGUDA,21,ODISHA,point
21.625,84.125,372,SAMBALPUR,21,ODISHA,point
21.625,84.375,372,SAMBALPUR,21,ODISHA,point
21.625,84.625,373,DEOGARH,21,ODISHA,point
21.625,84.875,373,DEOGARH,21,ODISHA,point
21.625,85.125,374,SUNDARGARH,21,ODISHA,point
21.625,85.375,375,KEONJHAR (KENDUJHAR),21,ODISHA,point
21.625,85.625,375,KEONJHAR (KENDUJHAR),21,ODISHA,point
21.625,85.875,375,KEONJHAR (KENDUJHAR),21,ODISHA,point
21.625,86.125,376,MAYURBHANJ,21,ODISHA,point
21.625,86.375,376,MAYURBHANJ,21,ODISHA,point
21.625,86.625,376,MAYURBHANJ,21,ODISHA,point
21.625,86.875,377,BALASORE,21,ODISHA,point
21.625,87.125,377,BALASORE,21,ODISHA,point
21.625,87.375,377,BALASORE,21,ODISHA,point
21.625,87.625,345,PURBA MEDINIPUR,19,WEST BENGAL,overlap
21.625,87.875,345,PURBA MEDINIPUR,19,WEST BENGAL,overlap
21.625,88.125,343,SOUTH 24PARGANAS,19,WEST BENGAL,overlap
21.625,88.375,343,SOUTH 24PARGANAS,19,WEST BENGAL,overlap
21.625,88.625,343,SOUTH 24PARGANAS,19,WEST BENGAL,overlap
21.625,88.875,343,SOUTH 24PARGANAS,19,WEST BENGAL,overlap
21.625,89.125,343,SOUTH 24PARGANAS,19,WEST BENGAL,overlap
21.875,69.125,656,DEVBHUMI DWARKA,24,GUJARAT,overlap
21.875,69.375,656,DEVBHUMI DWARKA,24,GUJARAT,point
21.875,69.625,478,PORBANDAR,24,GUJARAT,point
21.875,69.875,656,DEVBHUMI DWARKA,24,GUJARAT,point
21.875,70.125,476,RAJKOT,24,GUJARAT,point
21.875,70.375,476,RAJKOT,24,GUJARAT,point
21.875,70.625,476,RAJKOT,24,GUJARAT,point
21.875,70.875,476,RAJKOT,24,GUJARAT,point
21.875,71.125,480,AMRELI,24,GUJARAT,point
21.875,71.375,480,AMRELI,24,GUJARAT,point
21.875,71.625,653,BOTAD,24,GUJARAT,point
21.875,71.875,481,BHAVNAGAR,24,GUJARAT,point
21.875,72.125,481,BHAVNAGAR,24,GUJARAT,point
21.875,72.375,474,AHMADABAD,24,GUJARAT,overlap
21.875,72.625,488,BHARUCH,24,GUJARAT,point
21.875,72.875,488,BHARUCH,24,GUJARAT,point
21.875,73.125,488,BHARUCH,24,GUJARAT,point
21.875,73.375,487,NARMADA,24,GUJARAT,point
21.875,73.625,487,NARMADA,24,GUJARAT,point
21.875,73.875,487,NARMADA,24,GUJARAT,point
21.875,74.125,497,NANDURBAR,27,MAHARASHTRA,point
21.875,74.375,497,NANDURBAR,27,MAHARASHTRA,point
21.875,74.625,441,BARWANI,23,MADHYA PRADESH,point
21.875,74.875,441,BARWANI,23,MADHYA PRADESH,point
21.875,75.125,441,BARWANI,23,MADHYA PRADESH,point
21.875,75.375,440,KHARGONE,23,MADHYA PRADESH,point
21.875,75.625,440,KHARGONE,23,MADHYA PRADESH,point
21.875,75.875,440,KHARGONE,23,MADHYA PRADESH,point
21.875,76.125,440,KHARGONE,23,MADHYA PRADESH,point
21.875,76.375,466,KHANDWA,23,MADHYA PRADESH,point
21.875,76.625,466,KHANDWA,23,MADHYA PRADESH,point
21.875,76.875,466,KHANDWA,23,MADHYA PRADESH,point
21.875,77.125,466,KHANDWA,23,MADHYA PRADESH,point
21.875,77.375,447,BETUL,23,MADHYA PRADESH,point
21.875,77.625,447,BETUL,23,MADHYA PRADESH,point
21.875,77.875,447,BETUL,23,MADHYA PRADESH,point
21.875,78.125,447,BETUL,23,MADHYA PRADESH,point
21.875,78.375,447,BETUL,23,MADHYA PRADESH,point
21.875,78.625,769,PANDHURNA,23,MADHYA PRADESH,point
21.875,78.875,455,CHHINDWARA,23,MADHYA PRADESH,point
21.875,79.125,455,CHHINDWARA,23,MADHYA PRADESH,point
21.875,79.375,456,SEONI,23,MADHYA PRADESH,point
21.875,79.625,456,SEONI,23,MADHYA PRADESH,point
21.875,79.875,457,BALAGHAT,23,MADHYA PRADESH,point
21.875,80.125,457,BALAGHAT,23,MADHYA PRADESH,point
21.875,80.375,457,BALAGHAT,23,MADHYA PRADESH,point
21.875,80.625,457,BALAGHAT,23,MADHYA PRADESH,point
21.875,80.875,407,KAWARDHA (KABIRDHAM),22,CHHATTISGARH,point
21.875,81.125,407,KAWARDHA (KABIRDHAM),22,CHHATTISGARH,point
21.875,81.375,407,KAWARDHA (KABIRDHAM),22,CHHATTISGARH,point
21.875,81.625,644,BEMETARA,22,CHHATTISGARH,point
21.875,81.875,644,BEMETARA,22,CHHATTISGARH,point
21.875,82.125,406,BILASPUR,22,CHHATTISGARH,point
21.875,82.375,405,JANJGIR - CHAMPA,22,CHHATTISGARH,point
21.875,82.625,405,JANJGIR - CHAMPA,22,CHHATTISGARH,point
21.875,82.875,759,SAKTI,22,CHHATTISGARH,point
21.875,83.125,759,SAKTI,22,CHHATTISGARH,point
21.875,83.375,403,RAIGARH,22,CHHATTISGARH,point
21.875,83.625,374,SUNDARGARH,21,ODISHA,point
21.875,83.875,371,JHARSUGUDA,21,ODISHA,point
21.875,84.125,371,JHARSUGUDA,21,ODISHA,point
21.875,84.375,372,SAMBALPUR,21,ODISHA,point
21.875,84.625,374,SUNDARGARH,21,ODISHA,point
21.875,84.875,374,SUNDARGARH,21,ODISHA,point
21.875,85.125,374,SUNDARGARH,21,ODISHA,point
21.875,85.375,375,KEONJHAR (KENDUJHAR),21,ODISHA,point
21.875,85.625,375,KEONJHAR (KENDUJHAR),21,ODISHA,point
21.875,85.875,376,MAYURBHANJ,21,ODISHA,point
21.875,86.125,376,MAYURBHANJ,21,ODISHA,point
21.875,86.375,376,MAYURBHANJ,21,ODISHA,point
21.875,86.625,376,MAYURBHANJ,21,ODISHA,point
21.875,86.875,376,MAYURBHANJ,21,ODISHA,point
21.875,87.125,377,BALASORE,21,ODISHA,point
21.875,87.375,344,PASCHIM MEDINIPUR,19,WEST BENGAL,point
21.875,87.625,345,PURBA MEDINIPUR,19,WEST BENGAL,point
21.875,87.875,345,PURBA MEDINIPUR,19,WEST BENGAL,point
21.875,88.125,343,SOUTH 24PARGANAS,19,WEST BENGAL,overlap
21.875,88.375,343,SOUTH 24PARGANAS,19,WEST BENGAL,point
21.875,88.625,343,SOUTH 24PARGANAS,19,WEST BENGAL,point
21.875,88.875,343,SOUTH 24PARGANAS,19,WEST BENGAL,point
21.875,89.125,343,SOUTH 24PARGANAS,19,WEST BENGAL,overlap
21.875,92.625,287,LAWNGTLAI,15,MIZORAM,overlap
21.875,92.875,288,SAIHA,15,MIZORAM,overlap
21.875,93.125,288,SAIHA,15,MIZORAM,overlap
22.125,68.875,656,DEVBHUMI DWARKA,24,GUJARAT,overlap
22.125,69.125,656,DEVBHUMI DWARKA,24,GUJARAT,point
22.125,69.375,656,DEVBHUMI DWARKA,24,GUJARAT,point
22.125,69.625,656,DEVBHUMI DWARKA,24,GUJARAT,point
22.125,69.875,477,JAMNAGAR,24,GUJARAT,point
22.125,70.125,477,JAMNAGAR,24,GUJARAT,point
22.125,70.375,477,JAMNAGAR,24,GUJARAT,point
22.125,70.625,476,RAJKOT,24,GUJARAT,point
22.125,70.875,476,RAJKOT,24,GUJARAT,point
22.125,71.125,475,SURENDRANAGAR,24,GUJARAT,point
22.125,71.375,476,RAJKOT,24,GUJARAT,point
22.125,71.625,653,BOTAD,24,GUJARAT,point
22.125,71.875,653,BOTAD,24,GUJARAT,point
22.125,72.125,474,AHMADABAD,24,GUJARAT,point
22.125,72.375,474,AHMADABAD,24,GUJARAT,point
22.125,72.625,488,BHARUCH,24,GUJARAT,point
22.125,72.875,488,BHARUCH,24,GUJARAT,point
22.125,73.125,486,VADODARA,24,GUJARAT,point
22.125,73.375,486,VADODARA,24,GUJARAT,point
22.125,73.625,654,CHHOTAUDEPUR,24,GUJARAT,point
22.125,73.875,654,CHHOTAUDEPUR,24,GUJARAT,point
22.125,74.125,654,CHHOTAUDEPUR,24,GUJARAT,point
22.125,74.375,465,ALIRAJPUR,23,MADHYA PRADESH,point
22.125,74.625,438,DHAR,23,MADHYA PRADESH,point
22.125,74.875,438,DHAR,23,MADHYA PRADESH,point
22.125,75.125,438,DHAR,23,MADHYA PRADESH,point
22.125,75.375,440,KHARGONE,23,MADHYA PRADESH,point
22.125,75.625,440,KHARGONE,23,MADHYA PRADESH,point
22.125,75.875,440,KHARGONE,23,MADHYA PRADESH,point
22.125,76.125,440,KHARGONE,23,MADHYA PRADESH,point
22.125,76.375,466,KHANDWA,23,MADHYA PRADESH,point
22.125,76.625,466,KHANDWA,23,MADHYA PRADESH,point
22.125,76.875,448,HARDA,23,MADHYA PRADESH,point
22.125,77.125,448,HARDA,23,MADHYA PRADESH,point
22.125,77.375,448,HARDA,23,MADHYA PRADESH,point
22.125,77.625,447,BETUL,23,MADHYA PRADESH,point
22.125,77.875,447,BETUL,23,MADHYA PRADESH,point
22.125,78.125,447,BETUL,23,MADHYA PRADESH,point
22.125,78.375,455,CHHINDWARA,23,MADHYA PRADESH,point
22.125,78.625,455,CHHINDWARA,23,MADHYA PRADESH,point
22.125,78.875,455,CHHINDWARA,23,MADHYA PRADESH,point
22.125,79.125,455,CHHINDWARA,23,MADHYA PRADESH,point
22.125,79.375,456,SEONI,23,MADHYA PRADESH,point
22.125,79.625,456,SEONI,23,MADHYA PRADESH,point
22.125,79.875,456,SEONI,23,MADHYA PRADESH,point
22.125,80.125,457,BALAGHAT,23,MADHYA PRADESH,point
22.125,80.375,457,BALAGHAT,23,MADHYA PRADESH,point
22.125,80.625,457,BALAGHAT,23,MADHYA PRADESH,point
22.125,80.875,457,BALAGHAT,23,MADHYA PRADESH,point
22.125,81.125,407,KAWARDHA (KABIRDHAM),22,CHHATTISGARH,point
22.125,81.375,407,KAWARDHA (KABIRDHAM),22,CHHATTISGARH,point
22.125,81.625,643,MUNGELI,22,CHHATTISGARH,point
22.125,81.875,406,BILASPUR,22,CHHATTISGARH,point
22.125,82.125,406,BILASPUR,22,CHHATTISGARH,point
22.125,82.375,405,JANJGIR - CHAMPA,22,CHHATTISGARH,point
22.125,82.625,405,JANJGIR - CHAMPA,22,CHHATTISGARH,point
22.125,82.875,759,SAKTI,22,CHHATTISGARH,point
22.125,83.125,403,RAIGARH,22,CHHATTISGARH,point
22.125,83.375,403,RAIGARH,22,CHHATTISGARH,point
22.125,83.625,374,SUNDARGARH,21,ODISHA,point
22.125,83.875,374,SUNDARGARH,21,ODISHA,point
22.125,84.125,374,SUNDARGARH,21,ODISHA,point
22.125,84.375,372,SAMBALPUR,21,ODISHA,point
22.125,84.625,374,SUNDARGARH,21,ODISHA,point
22.125,84.875,374,SUNDARGARH,21,ODISHA,point
22.125,85.125,368,WEST SINGHBHUM,20,JHARKHAND,point
22.125,85.375,375,KEONJHAR (KENDUJHAR),21,ODISHA,point
22.125,85.625,368,WEST SINGHBHUM,20,JHARKHAND,point
22.125,85.875,368,WEST SINGHBHUM,20,JHARKHAND,point
22.125,86.125,376,MAYURBHANJ,21,ODISHA,point
22.125,86.375,376,MAYURBHANJ,21,ODISHA,point
22.125,86.625,376,MAYURBHANJ,21,ODISHA,point
22.125,86.875,727,JHARGRAM,19,WEST BENGAL,point
22.125,87.125,727,JHARGRAM,19,WEST BENGAL,point
22.125,87.375,344,PASCHIM MEDINIPUR,19,WEST BENGAL,point
22.125,87.625,344,PASCHIM MEDINIPUR,19,WEST BENGAL,point
22.125,87.875,345,PURBA MEDINIPUR,19,WEST BENGAL,point
22.125,88.125,345,PURBA MEDINIPUR,19,WEST BENGAL,point
22.125,88.375,343,SOUTH 24PARGANAS,19,WEST BENGAL,point
22.125,88.625,343,SOUTH 24PARGANAS,19,WEST BENGAL,point
22.125,88.875,343,SOUTH 24PARGANAS,19,WEST BENGAL,point
22.125,89.125,343,SOUTH 24PARGANAS,19,WEST BENGAL,overlap
22.125,92.625,287,LAWNGTLAI,15,MIZORAM,point
22.125,92.875,288,SAIHA,15,MIZORAM,point
22.125,93.125,288,SAIHA,15,MIZORAM,overlap
22.375,68.875,656,DEVBHUMI DWARKA,24,GUJARAT,overlap
22.375,69.125,656,DEVBHUMI DWARKA,24,GUJARAT,point
22.375,69.375,656,DEVBHUMI DWARKA,24,GUJARAT,overlap
22.375,69.625,656,DEVBHUMI DWARKA,24,GUJARAT,overlap
22.375,69.875,477,JAMNAGAR,24,GUJARAT,point
22.375,70.125,477,JAMNAGAR,24,GUJARAT,point
22.375,70.375,477,JAMNAGAR,24,GUJARAT,point
22.375,70.625,476,RAJKOT,24,GUJARAT,point
22.375,70.875,476,RAJKOT,24,GUJARAT,point
22.375,71.125,475,SURENDRANAGAR,24,GUJARAT,point
22.375,71.375,475,SURENDRANAGAR,24,GUJARAT,point
22.375,71.625,475,SURENDRANAGAR,24,GUJARAT,point
22.375,71.875,474,AHMADABAD,24,GUJARAT,point
22.375,72.125,474,AHMADABAD,24,GUJARAT,point
22.375,72.375,474,AHMADABAD,24,GUJARAT,point
22.375,72.625,482,ANAND,24,GUJARAT,point
22.375,72.875,482,ANAND,24,GUJARAT,point
22.375,73.125,486,VADODARA,24,GUJARAT,point
22.375,73.375,486,VADODARA,24,GUJARAT,point
22.375,73.625,484,PANCH MAHALS,24,GUJARAT,point
22.375,73.875,654,CHHOTAUDEPUR,24,GUJARAT,point
22.375,74.125,654,CHHOTAUDEPUR,24,GUJARAT,point
22.375,74.375,465,ALIRAJPUR,23,MADHYA PRADESH,point
22.375,74.625,465,ALIRAJPUR,23,MADHYA PRADESH,point
22.375,74.875,438,DHAR,23,MADHYA PRADESH,point
22.375,75.125,438,DHAR,23,MADHYA PRADESH,point
22.375,75.375,438,DHAR,23,MADHYA PRADESH,point
22.375,75.625,439,INDORE,23,MADHYA PRADESH,point
22.375,75.875,440,KHARGONE,23,MADHYA PRADESH,point
22.375,76.125,440,KHARGONE,23,MADHYA PRADESH,point
22.375,76.375,437,DEWAS,23,MADHYA PRADESH,point
22.375,76.625,437,DEWAS,23,MADHYA PRADESH,point
22.375,76.875,448,HARDA,23,MADHYA PRADESH,point
22.375,77.125,448,HARDA,23,MADHYA PRADESH,point
22.375,77.375,449,NARMADAPURAM,23,MADHYA PRADESH,point
22.375,77.625,449,NARMADAPURAM,23,MADHYA PRADESH,point
22.375,77.875,449,NARMADAPURAM,23,MADHYA PRADESH,point
22.375,78.125,449,NARMADAPURAM,23,MADHYA PRADESH,point
22.375,78.375,455,CHHINDWARA,23,MADHYA PRADESH,point
22.375,78.625,455,CHHINDWARA,23,MADHYA PRADESH,point
22.375,78.875,455,CHHINDWARA,23,MADHYA PRADESH,point
22.375,79.125,455,CHHINDWARA,23,MADHYA PRADESH,point
22.375,79.375,456,SEONI,23,MADHYA PRADESH,point
22.375,79.625,456,SEONI,23,MADHYA PRADESH,point
22.375,79.875,456,SEONI,23,MADHYA PRADESH,point
22.375,80.125,454,MANDLA,23,MADHYA PRADESH,point
22.375,80.375,454,MANDLA,23,MADHYA PRADESH,point
22.375,80.625,454,MANDLA,23,MADHYA PRADESH,point
22.375,80.875,454,MANDLA,23,MADHYA PRADESH,point
22.375,81.125,407,KAWARDHA (KABIRDHAM),22,CHHATTISGARH,point
22.375,81.375,407,KAWARDHA (KABIRDHAM),22,CHHATTISGARH,point
22.375,81.625,643,MUNGELI,22,CHHATTISGARH,point
22.375,81.875,643,MUNGELI,22,CHHATTISGARH,point
22.375,82.125,406,BILASPUR,22,CHHATTISGARH,point
22.375,82.375,404,KORBA,22,CHHATTISGARH,point
22.375,82.625,404,KORBA,22,CHHATTISGARH,point
22.375,82.875,404,KORBA,22,CHHATTISGARH,point
22.375,83.125,403,RAIGARH,22,CHHATTISGARH,point
22.375,83.375,403,RAIGARH,22,CHHATTISGARH,point
22.375,83.625,403,RAIGARH,22,CHHATTISGARH,point
22.375,83.875,402,JASHPUR,22,CHHATTISGARH,point
22.375,84.125,374,SUNDARGARH,21,ODISHA,point
22.375,84.375,367,SIMDEGA,20,JHARKHAND,point
22.375,84.625,374,SUNDARGARH,21,ODISHA,point
22.375,84.875,374,SUNDARGARH,21,ODISHA,point
22.375,85.125,368,WEST SINGHBHUM,20,JHARKHAND,point
22.375,85.375,368,WEST SINGHBHUM,20,JHARKHAND,point
22.375,85.625,368,WEST SINGHBHUM,20,JHARKHAND,point
22.375,85.875,368,WEST SINGHBHUM,20,JHARKHAND,point
22.375,86.125,376,MAYURBHANJ,21,ODISHA,point
22.375,86.375,357,EAST SINGHBHUM,20,JHARKHAND,point
22.375,86.625,357,EAST SINGHBHUM,20,JHARKHAND,point
22.375,86.875,727,JHARGRAM,19,WEST BENGAL,point
22.375,87.125,727,JHARGRAM,19,WEST BENGAL,point
22.375,87.375,344,PASCHIM MEDINIPUR,19,WEST BENGAL,point
22.375,87.625,344,PASCHIM MEDINIPUR,19,WEST BENGAL,point
22.375,87.875,345,PURBA MEDINIPUR,19,WEST BENGAL,point
22.375,88.125,343,SOUTH 24PARGANAS,19,WEST BENGAL,point
22.375,88.375,343,SOUTH 24PARGANAS,19,WEST BENGAL,point
22.375,88.625,343,SOUTH 24PARGANAS,19,WEST BENGAL,point
22.375,88.875,337,NORTH TWENTY-FOUR PARGANAS,19,WEST BENGAL,point
22.375,89.125,337,NORTH TWENTY-FOUR PARGANAS,19,WEST BENGAL,overlap
22.375,92.625,287,LAWNGTLAI,15,MIZORAM,point
22.375,92.875,287,LAWNGTLAI,15,MIZORAM,point
22.375,93.125,288,SAIHA,15,MIZORAM,point
22.625,69.375,656,DEVBHUMI DWARKA,24,GUJARAT,overlap
22.625,69.875,477,JAMNAGAR,24,GUJARAT,overlap
22.625,70.125,477,JAMNAGAR,24,GUJARAT,overlap
22.625,70.375,477,JAMNAGAR,24,GUJARAT,point
22.625,70.625,657,MORBI,24,GUJARAT,point
22.625,70.875,657,MORBI,24,GUJARAT,point
22.625,71.125,475,SURENDRANAGAR,24,GUJARAT,point
22.625,71.375,475,SURENDRANAGAR,24,GUJARAT,point
22.625,71.625,475,SURENDRANAGAR,24,GUJARAT,point
22.625,71.875,475,SURENDRANAGAR,24,GUJARAT,point
22.625,72.125,474,AHMADABAD,24,GUJARAT,point
22.625,72.375,474,AHMADABAD,24,GUJARAT,point
22.625,72.625,483,KHEDA,24,GUJARAT,point
22.625,72.875,483,KHEDA,24,GUJARAT,point
22.625,73.125,482,ANAND,24,GUJARAT,point
22.625,73.375,486,VADODARA,24,GUJARAT,point
22.625,73.625,484,PANCH MAHALS,24,GUJARAT,point
22.625,73.875,485,DAHOD,24,GUJARAT,point
22.625,74.125,485,DAHOD,24,GUJARAT,point
22.625,74.375,465,ALIRAJPUR,23,MADHYA PRADESH,point
22.625,74.625,464,JHABUA,23,MADHYA PRADESH,point
22.625,74.875,438,DHAR,23,MADHYA PRADESH,point
22.625,75.125,438,DHAR,23,MADHYA PRADESH,point
22.625,75.375,438,DHAR,23,MADHYA PRADESH,point
22.625,75.625,438,DHAR,23,MADHYA PRADESH,point
22.625,75.875,439,INDORE,23,MADHYA PRADESH,point
22.625,76.125,439,INDORE,23,MADHYA PRADESH,point
22.625,76.375,437,DEWAS,23,MADHYA PRADESH,point
22.625,76.625,437,DEWAS,23,MADHYA PRADESH,point
22.625,76.875,437,DEWAS,23,MADHYA PRADESH,point
22.625,77.125,445,SEHORE,23,MADHYA PRADESH,point
22.625,77.375,445,SEHORE,23,MADHYA PRADESH,point
22.625,77.625,449,NARMADAPURAM,23,MADHYA PRADESH,point
22.625,77.875,449,NARMADAPURAM,23,MADHYA PRADESH,point
22.625,78.125,449,NARMADAPURAM,23,MADHYA PRADESH,point
22.625,78.375,449,NARMADAPURAM,23,MADHYA PRADESH,point
22.625,78.625,455,CHHINDWARA,23,MADHYA PRADESH,point
22.625,78.875,455,CHHINDWARA,23,MADHYA PRADESH,point
22.625,79.125,455,CHHINDWARA,23,MADHYA PRADESH,point
22.625,79.375,456,SEONI,23,MADHYA PRADESH,point
22.625,79.625,456,SEONI,23,MADHYA PRADESH,point
22.625,79.875,456,SEONI,23,MADHYA PRADESH,point
22.625,80.125,456,SEONI,23,MADHYA PRADESH,point
22.625,80.375,454,MANDLA,23,MADHYA PRADESH,point
22.625,80.625,454,MANDLA,23,MADHYA PRADESH,point
22.625,80.875,454,MANDLA,23,MADHYA PRADESH,point
22.625,81.125,453,DINDORI,23,MADHYA PRADESH,point
22.625,81.375,453,DINDORI,23,MADHYA PRADESH,point
22.625,81.625,453,DINDORI,23,MADHYA PRADESH,point
22.625,81.875,669,GAURELA-PENDRA-MARWAHI,22,CHHATTISGARH,point
22.625,82.125,669,GAURELA-PENDRA-MARWAHI,22,CHHATTISGARH,point
22.625,82.375,404,KORBA,22,CHHATTISGARH,point
22.625,82.625,404,KORBA,22,CHHATTISGARH,point
22.625,82.875,404,KORBA,22,CHHATTISGARH,point
22.625,83.125,403,RAIGARH,22,CHHATTISGARH,point
22.625,83.375,403,RAIGARH,22,CHHATTISGARH,point
22.625,83.625,402,JASHPUR,22,CHHATTISGARH,point
22.625,83.875,402,JASHPUR,22,CHHATTISGARH,point
22.625,84.125,367,SIMDEGA,20,JHARKHAND,point
22.625,84.375,367,SIMDEGA,20,JHARKHAND,point
22.625,84.625,367,SIMDEGA,20,JHARKHAND,point
22.625,84.875,367,SIMDEGA,20,JHARKHAND,point
22.625,85.125,368,WEST SINGHBHUM,20,JHARKHAND,point
22.625,85.375,368,WEST SINGHBHUM,20,JHARKHAND,point
22.625,85.625,368,WEST SINGHBHUM,20,JHARKHAND,point
22.625,85.875,369,SARAIKELA-KHARSAWAN,20,JHARKHAND,point
22.625,86.125,369,SARAIKELA-KHARSAWAN,20,JHARKHAND,point
22.625,86.375,357,EAST SINGHBHUM,20,JHARKHAND,point
22.625,86.625,357,EAST SINGHBHUM,20,JHARKHAND,point
22.625,86.875,727,JHARGRAM,19,WEST BENGAL,point
22.625,87.125,344,PASCHIM MEDINIPUR,19,WEST BENGAL,point
22.625,87.375,344,PASCHIM MEDINIPUR,19,WEST BENGAL,point
22.625,87.625,344,PASCHIM MEDINIPUR,19,WEST BENGAL,point
22.625,87.875,338,HUGLI,19,WEST BENGAL,point
22.625,88.125,341,HAORA,19,WEST BENGAL,point
22.625,88.375,342,KOLKATA,19,WEST BENGAL,point
22.625,88.625,337,NORTH TWENTY-FOUR PARGANAS,19,WEST BENGAL,point
22.625,88.875,337,NORTH TWENTY-FOUR PARGANAS,19,WEST BENGAL,point
22.625,92.375,286,LUNGLEI,15,MIZORAM,overlap
22.625,92.625,287,LAWNGTLAI,15,MIZORAM,point
22.625,92.875,286,LUNGLEI,15,MIZORAM,point
22.625,93.125,287,LAWNGTLAI,15,MIZORAM,point
22.875,68.875,468,KACHCHH,24,GUJARAT,overlap
22.875,69.125,468,KACHCHH,24,GUJARAT,overlap
22.875,69.375,468,KACHCHH,24,GUJARAT,point
22.875,69.625,468,KACHCHH,24,GUJARAT,point
22.875,69.875,468,KACHCHH,24,GUJARAT,point
22.875,70.125,468,KACHCHH,24,GUJARAT,overlap
22.875,70.375,477,JAMNAGAR,24,GUJARAT,overlap
22.875,70.625,657,MORBI,24,GUJARAT,point
22.875,70.875,657,MORBI,24,GUJARAT,point
22.875,71.125,657,MORBI,24,GUJARAT,point
22.875,71.375,475,SURENDRANAGAR,24,GUJARAT,point
22.875,71.625,475,SURENDRANAGAR,24,GUJARAT,point
22.875,71.875,475,SURENDRANAGAR,24,GUJARAT,point
22.875,72.125,474,AHMADABAD,24,GUJARAT,point
22.875,72.375,474,AHMADABAD,24,GUJARAT,point
22.875,72.625,483,KHEDA,24,GUJARAT,point
22.875,72.875,483,KHEDA,24,GUJARAT,point
22.875,73.125,483,KHEDA,24,GUJARAT,point
22.875,73.375,483,KHEDA,24,GUJARAT,point
22.875,73.625,484,PANCH MAHALS,24,GUJARAT,point
22.875,73.875,485,DAHOD,24,GUJARAT,point
22.875,74.125,485,DAHOD,24,GUJARAT,point
22.875,74.375,485,DAHOD,24,GUJARAT,point
22.875,74.625,464,JHABUA,23,MADHYA PRADESH,point
22.875,74.875,464,JHABUA,23,MADHYA PRADESH,point
22.875,75.125,438,DHAR,23,MADHYA PRADESH,point
22.875,75.375,435,UJJAIN,23,MADHYA PRADESH,point
22.875,75.625,439,INDORE,23,MADHYA PRADESH,point
22.875,75.875,439,INDORE,23,MADHYA PRADESH,point
22.875,76.125,437,DEWAS,23,MADHYA PRADESH,point
22.875,76.375,437,DEWAS,23,MADHYA PRADESH,point
22.875,76.625,445,SEHORE,23,MADHYA PRADESH,point
22.875,76.875,445,SEHORE,23,MADHYA PRADESH,point
22.875,77.125,445,SEHORE,23,MADHYA PRADESH,point
22.875,77.375,445,SEHORE,23,MADHYA PRADESH,point
22.875,77.625,446,RAISEN,23,MADHYA PRADESH,point
22.875,77.875,445,SEHORE,23,MADHYA PRADESH,point
22.875,78.125,446,RAISEN,23,MADHYA PRADESH,point
22.875,78.375,449,NARMADAPURAM,23,MADHYA PRADESH,point
22.875,78.625,452,NARSIMHAPUR,23,MADHYA PRADESH,point
22.875,78.875,452,NARSIMHAPUR,23,MADHYA PRADESH,point
22.875,79.125,452,NARSIMHAPUR,23,MADHYA PRADESH,point
22.875,79.375,452,NARSIMHAPUR,23,MADHYA PRADESH,point
22.875,79.625,452,NARSIMHAPUR,23,MADHYA PRADESH,point
22.875,79.875,451,JABALPUR,23,MADHYA PRADESH,point
22.875,80.125,454,MANDLA,23,MADHYA PRADESH,point
22.875,80.375,454,MANDLA,23,MADHYA PRADESH,point
22.875,80.625,453,DINDORI,23,MADHYA PRADESH,point
22.875,80.875,453,DINDORI,23,MADHYA PRADESH,point
22.875,81.125,453,DINDORI,23,MADHYA PRADESH,point
22.875,81.375,461,ANUPPUR,23,MADHYA PRADESH,point
22.875,81.625,461,ANUPPUR,23,MADHYA PRADESH,point
22.875,81.875,669,GAURELA-PENDRA-MARWAHI,22,CHHATTISGARH,point
22.875,82.125,669,GAURELA-PENDRA-MARWAHI,22,CHHATTISGARH,point
22.875,82.375,404,KORBA,22,CHHATTISGARH,point
22.875,82.625,641,SURAJPUR,22,CHHATTISGARH,point
22.875,82.875,401,SURGUJA,22,CHHATTISGARH,point
22.875,83.125,401,SURGUJA,22,CHHATTISGARH,point
22.875,83.375,401,SURGUJA,22,CHHATTISGARH,point
22.875,83.625,402,JASHPUR,22,CHHATTISGARH,point
22.875,83.875,402,JASHPUR,22,CHHATTISGARH,point
22.875,84.125,402,JASHPUR,22,CHHATTISGARH,point
22.875,84.375,402,JASHPUR,22,CHHATTISGARH,point
22.875,84.625,366,GUMLA,20,JHARKHAND,point
22.875,84.875,366,GUMLA,20,JHARKHAND,point
22.875,85.125,365,KHUNTI,20,JHARKHAND,point
22.875,85.375,365,KHUNTI,20,JHARKHAND,point
22.875,85.625,369,SARAIKELA-KHARSAWAN,20,JHARKHAND,point
22.875,85.875,369,SARAIKELA-KHARSAWAN,20,JHARKHAND,point
22.875,86.125,369,SARAIKELA-KHARSAWAN,20,JHARKHAND,point
22.875,86.375,357,EAST SINGHBHUM,20,JHARKHAND,point
22.875,86.625,340,PURULIYA,19,WEST BENGAL,point
22.875,86.875,339,BANKURA,19,WEST BENGAL,point
22.875,87.125,339,BANKURA,19,WEST BENGAL,point
22.875,87.375,344,PASCHIM MEDINIPUR,19,WEST BENGAL,point
22.875,87.625,338,HUGLI,19,WEST BENGAL,point
22.875,87.875,338,HUGLI,19,WEST BENGAL,point
22.875,88.125,338,HUGLI,19,WEST BENGAL,point
22.875,88.375,338,HUGLI,19,WEST BENGAL,point
22.875,88.625,337,NORTH TWENTY-FOUR PARGANAS,19,WEST BENGAL,point
22.875,88.875,337,NORTH TWENTY-FOUR PARGANAS,19,WEST BENGAL,point
22.875,91.625,290,SOUTH TRIPURA,16,TRIPURA,overlap
22.875,92.375,286,LUNGLEI,15,MIZORAM,overlap
22.875,92.625,286,LUNGLEI,15,MIZORAM,point
22.875,92.875,286,LUNGLEI,15,MIZORAM,point
22.875,93.125,713,HNAHTHIAL,15,MIZORAM,point
23.125,68.625,468,KACHCHH,24,GUJARAT,overlap
23.125,68.875,468,KACHCHH,24,GUJARAT,point
23.125,69.125,468,KACHCHH,24,GUJARAT,point
23.125,69.375,468,KACHCHH,24,GUJARAT,point
23.125,69.625,468,KACHCHH,24,GUJARAT,point
23.125,69.875,468,KACHCHH,24,GUJARAT,point
23.125,70.125,468,KACHCHH,24,GUJARAT,point
23.125,70.375,468,KACHCHH,24,GUJARAT,overlap
23.125,70.625,657,MORBI,24,GUJARAT,overlap
23.125,70.875,468,KACHCHH,24,GUJARAT,point
23.125,71.125,657,MORBI,24,GUJARAT,point
23.125,71.375,475,SURENDRANAGAR,24,GUJARAT,point
23.125,71.625,475,SURENDRANAGAR,24,GUJARAT,point
23.125,71.875,475,SURENDRANAGAR,24,GUJARAT,point
23.125,72.125,474,AHMADABAD,24,GUJARAT,point
23.125,72.375,471,MAHESANA,24,GUJARAT,point
23.125,72.625,473,GANDHINAGAR,24,GUJARAT,point
23.125,72.875,473,GANDHINAGAR,24,GUJARAT,point
23.125,73.125,483,KHEDA,24,GUJARAT,point
23.125,73.375,655,MAHISAGAR,24,GUJARAT,point
23.125,73.625,655,MAHISAGAR,24,GUJARAT,point
23.125,73.875,655,MAHISAGAR,24,GUJARAT,point
23.125,74.125,485,DAHOD,24,GUJARAT,point
23.125,74.375,125,BANSWARA,8,RAJASTHAN,point
23.125,74.625,464,JHABUA,23,MADHYA PRADESH,point
23.125,74.875,464,JHABUA,23,MADHYA PRADESH,point
23.125,75.125,434,RATLAM,23,MADHYA PRADESH,point
23.125,75.375,435,UJJAIN,23,MADHYA PRADESH,point
23.125,75.625,435,UJJAIN,23,MADHYA PRADESH,point
23.125,75.875,435,UJJAIN,23,MADHYA PRADESH,point
23.125,76.125,437,DEWAS,23,MADHYA PRADESH,point
23.125,76.375,437,DEWAS,23,MADHYA PRADESH,point
23.125,76.625,445,SEHORE,23,MADHYA PRADESH,point
23.125,76.875,436,SHAJAPUR,23,MADHYA PRADESH,point
23.125,77.125,445,SEHORE,23,MADHYA PRADESH,point
23.125,77.375,444,BHOPAL,23,MADHYA PRADESH,point
23.125,77.625,446,RAISEN,23,MADHYA PRADESH,point
23.125,77.875,446,RAISEN,23,MADHYA PRADESH,point
23.125,78.125,446,RAISEN,23,MADHYA PRADESH,point
23.125,78.375,446,RAISEN,23,MADHYA PRADESH,point
23.125,78.625,446,RAISEN,23,MADHYA PRADESH,point
23.125,78.875,452,NARSIMHAPUR,23,MADHYA PRADESH,point
23.125,79.125,452,NARSIMHAPUR,23,MADHYA PRADESH,point
23.125,79.375,451,JABALPUR,23,MADHYA PRADESH,point
23.125,79.625,451,JABALPUR,23,MADHYA PRADESH,point
23.125,79.875,451,JABALPUR,23,MADHYA PRADESH,point
23.125,80.125,451,JABALPUR,23,MADHYA PRADESH,point
23.125,80.375,454,MANDLA,23,MADHYA PRADESH,point
23.125,80.625,453,DINDORI,23,MADHYA PRADESH,point
23.125,80.875,453,DINDORI,23,MADHYA PRADESH,point
23.125,81.125,453,DINDORI,23,MADHYA PRADESH,point
23.125,81.375,460,SHAHDOL,23,MADHYA PRADESH,point
23.125,81.625,461,ANUPPUR,23,MADHYA PRADESH,point
23.125,81.875,461,ANUPPUR,23,MADHYA PRADESH,point
23.125,82.125,461,ANUPPUR,23,MADHYA PRADESH,point
23.125,82.375,758,MANENDRAGARH-CHIRMIRI-BHARATPUR,22,CHHATTISGARH,point
23.125,82.625,641,SURAJPUR,22,CHHATTISGARH,point
23.125,82.875,641,SURAJPUR,22,CHHATTISGARH,point
23.125,83.125,641,SURAJPUR,22,CHHATTISGARH,point
23.125,83.375,401,SURGUJA,22,CHHATTISGARH,point
23.125,83.625,402,JASHPUR,22,CHHATTISGARH,point
23.125,83.875,402,JASHPUR,22,CHHATTISGARH,point
23.125,84.125,366,GUMLA,20,JHARKHAND,point
23.125,84.375,366,GUMLA,20,JHARKHAND,point
23.125,84.625,366,GUMLA,20,JHARKHAND,point
23.125,84.875,366,GUMLA,20,JHARKHAND,point
23.125,85.125,365,KHUNTI,20,JHARKHAND,point
23.125,85.375,365,KHUNTI,20,JHARKHAND,point
23.125,85.625,364,RANCHI,20,JHARKHAND,point
23.125,85.875,369,SARAIKELA-KHARSAWAN,20,JHARKHAND,point
23.125,86.125,340,PURULIYA,19,WEST BENGAL,point
23.125,86.375,340,PURULIYA,19,WEST BENGAL,point
23.125,86.625,340,PURULIYA,19,WEST BENGAL,point
23.125,86.875,339,BANKURA,19,WEST BENGAL,point
23.125,87.125,339,BANKURA,19,WEST BENGAL,point
23.125,87.375,339,BANKURA,19,WEST BENGAL,point
23.125,87.625,339,BANKURA,19,WEST BENGAL,point
23.125,87.875,335,PURBA BARDDHAMAN,19,WEST BENGAL,point
23.125,88.125,335,PURBA BARDDHAMAN,19,WEST BENGAL,point
23.125,88.375,338,HUGLI,19,WEST BENGAL,point
23.125,88.625,336,NADIA,19,WEST BENGAL,point
23.125,88.875,337,NORTH TWENTY-FOUR PARGANAS,19,WEST BENGAL,point
23.125,91.375,290,SOUTH TRIPURA,16,TRIPURA,point
23.125,91.625,290,SOUTH TRIPURA,16,TRIPURA,point
23.125,91.875,725,GOMTI,16,TRIPURA,overlap
23.125,92.375,286,LUNGLEI,15,MIZORAM,point
23.125,92.625,286,LUNGLEI,15,MIZORAM,point
23.125,92.875,713,HNAHTHIAL,15,MIZORAM,point
23.125,93.125,285,SERCHHIP,15,MIZORAM,point
23.125,93.375,284,CHAMPHAI,15,MIZORAM,overlap
23.375,68.625,468,KACHCHH,24,GUJARAT,point
23.375,68.875,468,KACHCHH,24,GUJARAT,point
23.375,69.125,468,KACHCHH,24,GUJARAT,point
23.375,69.375,468,KACHCHH,24,GUJARAT,point
23.375,69.625,468,KACHCHH,24,GUJARAT,point
23.375,69.875,468,KACHCHH,24,GUJARAT,point
23.375,70.125,468,KACHCHH,24,GUJARAT,point
23.375,70.375,468,KACHCHH,24,GUJARAT,point
23.375,70.625,468,KACHCHH,24,GUJARAT,point
23.375,70.875,468,KACHCHH,24,GUJARAT,point
23.375,71.125,468,KACHCHH,24,GUJARAT,point
23.375,71.375,468,KACHCHH,24,GUJARAT,point
23.375,71.625,475,SURENDRANAGAR,24,GUJARAT,point
23.375,71.875,474,AHMADABAD,24,GUJARAT,point
23.375,72.125,474,AHMADABAD,24,GUJARAT,point
23.375,72.375,471,MAHESANA,24,GUJARAT,point
23.375,72.625,473,GANDHINAGAR,24,GUJARAT,point
23.375,72.875,472,SABAR KANTHA,24,GUJARAT,point
23.375,73.125,650,ARVALLI,24,GUJARAT,point
23.375,73.375,650,ARVALLI,24,GUJARAT,point
23.375,73.625,655,MAHISAGAR,24,GUJARAT,point
23.375,73.875,124,DUNGARPUR,8,RAJASTHAN,point
23.375,74.125,125,BANSWARA,8,RAJASTHAN,point
23.375,74.375,125,BANSWARA,8,RAJASTHAN,point
23.375,74.625,434,RATLAM,23,MADHYA PRADESH,point
23.375,74.875,434,RATLAM,23,MADHYA PRADESH,point
23.375,75.125,434,RATLAM,23,MADHYA PRADESH,point
23.375,75.375,435,UJJAIN,23,MADHYA PRADESH,point
23.375,75.625,435,UJJAIN,23,MADHYA PRADESH,point
23.375,75.875,435,UJJAIN,23,MADHYA PRADESH,point
23.375,76.125,435,UJJAIN,23,MADHYA PRADESH,point
23.375,76.375,436,SHAJAPUR,23,MADHYA PRADESH,point
23.375,76.625,436,SHAJAPUR,23,MADHYA PRADESH,point
23.375,76.875,436,SHAJAPUR,23,MADHYA PRADESH,point
23.375,77.125,445,SEHORE,23,MADHYA PRADESH,point
23.375,77.375,444,BHOPAL,23,MADHYA PRADESH,point
23.375,77.625,446,RAISEN,23,MADHYA PRADESH,point
23.375,77.875,446,RAISEN,23,MADHYA PRADESH,point
23.375,78.125,446,RAISEN,23,MADHYA PRADESH,point
23.375,78.375,446,RAISEN,23,MADHYA PRADESH,point
23.375,78.625,446,RAISEN,23,MADHYA PRADESH,point
23.375,78.875,427,SAGAR,23,MADHYA PRADESH,point
23.375,79.125,427,SAGAR,23,MADHYA PRADESH,point
23.375,79.375,428,DAMOH,23,MADHYA PRADESH,point
23.375,79.625,428,DAMOH,23,MADHYA PRADESH,point
23.375,79.875,451,JABALPUR,23,MADHYA PRADESH,point
23.375,80.125,451,JABALPUR,23,MADHYA PRADESH,point
23.375,80.375,450,KATNI,23,MADHYA PRADESH,point
23.375,80.625,431,UMARIA,23,MADHYA PRADESH,point
23.375,80.875,431,UMARIA,23,MADHYA PRADESH,point
23.375,81.125,431,UMARIA,23,MADHYA PRADESH,point
23.375,81.375,460,SHAHDOL,23,MADHYA PRADESH,point
23.375,81.625,460,SHAHDOL,23,MADHYA PRADESH,point
23.375,81.875,460,SHAHDOL,23,MADHYA PRADESH,point
23.375,82.125,758,MANENDRAGARH-CHIRMIRI-BHARATPUR,22,CHHATTISGARH,point
23.375,82.375,400,KOREA,22,CHHATTISGARH,point
23.375,82.625,400,KOREA,22,CHHATTISGARH,point
23.375,82.875,641,SURAJPUR,22,CHHATTISGARH,point
23.375,83.125,641,SURAJPUR,22,CHHATTISGARH,point
23.375,83.375,642,BALRAMPUR,22,CHHATTISGARH,point
23.375,83.625,642,BALRAMPUR,22,CHHATTISGARH,point
23.375,83.875,642,BALRAMPUR,22,CHHATTISGARH,point
23.375,84.125,359,LATEHAR,20,JHARKHAND,point
23.375,84.375,366,GUMLA,20,JHARKHAND,point
23.375,84.625,356,LOHARDAGA,20,JHARKHAND,point
23.375,84.875,356,LOHARDAGA,20,JHARKHAND,point
23.375,85.125,364,RANCHI,20,JHARKHAND,point
23.375,85.375,364,RANCHI,20,JHARKHAND,point
23.375,85.625,364,RANCHI,20,JHARKHAND,point
23.375,85.875,340,PURULIYA,19,WEST BENGAL,point
23.375,86.125,340,PURULIYA,19,WEST BENGAL,point
23.375,86.375,340,PURULIYA,19,WEST BENGAL,point
23.375,86.625,340,PURULIYA,19,WEST BENGAL,point
23.375,86.875,339,BANKURA,19,WEST BENGAL,point
23.375,87.125,339,BANKURA,19,WEST BENGAL,point
23.375,87.375,339,BANKURA,19,WEST BENGAL,point
23.375,87.625,335,PURBA BARDDHAMAN,19,WEST BENGAL,point
23.375,87.875,335,PURBA BARDDHAMAN,19,WEST BENGAL,point
23.375,88.125,335,PURBA BARDDHAMAN,19,WEST BENGAL,point
23.375,88.375,336,NADIA,19,WEST BENGAL,point
23.375,88.625,336,NADIA,19,WEST BENGAL,point
23.375,88.875,336,NADIA,19,WEST BENGAL,overlap
23.375,91.125,699,SEPAHIJALA,16,TRIPURA,overlap
23.375,91.375,699,SEPAHIJALA,16,TRIPURA,point
23.375,91.625,290,SOUTH TRIPURA,16,TRIPURA,point
23.375,91.875,725,GOMTI,16,TRIPURA,overlap
23.375,92.375,281,MAMIT,15,MIZORAM,point
23.375,92.625,286,LUNGLEI,15,MIZORAM,point
23.375,92.875,285,SERCHHIP,15,MIZORAM,point
23.375,93.125,703,KHAWZAWL,15,MIZORAM,point
23.375,93.375,284,CHAMPHAI,15,MIZORAM,point
23.625,68.125,468,KACHCHH,24,GUJARAT,overlap
23.625,68.375,468,KACHCHH,24,GUJARAT,point
23.625,68.625,468,KACHCHH,24,GUJARAT,point
23.625,68.875,468,KACHCHH,24,GUJARAT,point
23.625,69.125,468,KACHCHH,24,GUJARAT,point
23.625,69.375,468,KACHCHH,24,GUJARAT,point
23.625,69.625,468,KACHCHH,24,GUJARAT,point
23.625,69.875,468,KACHCHH,24,GUJARAT,point
23.625,70.125,468,KACHCHH,24,GUJARAT,point
23.625,70.375,468,KACHCHH,24,GUJARAT,point
23.625,70.625,468,KACHCHH,24,GUJARAT,point
23.625,70.875,468,KACHCHH,24,GUJARAT,point
23.625,71.125,468,KACHCHH,24,GUJARAT,point
23.625,71.375,468,KACHCHH,24,GUJARAT,point
23.625,71.625,470,PATAN,24,GUJARAT,point
23.625,71.875,470,PATAN,24,GUJARAT,point
23.625,72.125,470,PATAN,24,GUJARAT,point
23.625,72.375,471,MAHESANA,24,GUJARAT,point
23.625,72.625,471,MAHESANA,24,GUJARAT,point
23.625,72.875,472,SABAR KANTHA,24,GUJARAT,point
23.625,73.125,472,SABAR KANTHA,24,GUJARAT,point
23.625,73.375,650,ARVALLI,24,GUJARAT,point
23.625,73.625,650,ARVALLI,24,GUJARAT,point
23.625,73.875,124,DUNGARPUR,8,RAJASTHAN,point
23.625,74.125,125,BANSWARA,8,RAJASTHAN,point
23.625,74.375,125,BANSWARA,8,RAJASTHAN,point
23.625,74.625,125,BANSWARA,8,RAJASTHAN,point
23.625,74.875,131,PRATAPGARH,8,RAJASTHAN,point
23.625,75.125,434,RATLAM,23,MADHYA PRADESH,point
23.625,75.375,434,RATLAM,23,MADHYA PRADESH,point
23.625,75.625,435,UJJAIN,23,MADHYA PRADESH,point
23.625,75.875,735,AGAR MALWA,23,MADHYA PRADESH,point
23.625,76.125,735,AGAR MALWA,23,MADHYA PRADESH,point
23.625,76.375,436,SHAJAPUR,23,MADHYA PRADESH,point
23.625,76.625,442,RAJGARH,23,MADHYA PRADESH,point
23.625,76.875,442,RAJGARH,23,MADHYA PRADESH,point
23.625,77.125,442,RAJGARH,23,MADHYA PRADESH,point
23.625,77.375,444,BHOPAL,23,MADHYA PRADESH,point
23.625,77.625,443,VIDISHA,23,MADHYA PRADESH,point
23.625,77.875,443,VIDISHA,23,MADHYA PRADESH,point
23.625,78.125,443,VIDISHA,23,MADHYA PRADESH,point
23.625,78.375,446,RAISEN,23,MADHYA PRADESH,point
23.625,78.625,427,SAGAR,23,MADHYA PRADESH,point
23.625,78.875,427,SAGAR,23,MADHYA PRADESH,point
23.625,79.125,427,SAGAR,23,MADHYA PRADESH,point
23.625,79.375,428,DAMOH,23,MADHYA PRADESH,point
23.625,79.625,428,DAMOH,23,MADHYA PRADESH,point
23.625,79.875,428,DAMOH,23,MADHYA PRADESH,point
23.625,80.125,450,KATNI,23,MADHYA PRADESH,point
23.625,80.375,450,KATNI,23,MADHYA PRADESH,point
23.625,80.625,450,KATNI,23,MADHYA PRADESH,point
23.625,80.875,431,UMARIA,23,MADHYA PRADESH,point
23.625,81.125,431,UMARIA,23,MADHYA PRADESH,point
23.625,81.375,460,SHAHDOL,23,MADHYA PRADESH,point
23.625,81.625,758,MANENDRAGARH-CHIRMIRI-BHARATPUR,22,CHHATTISGARH,point
23.625,81.875,758,MANENDRAGARH-CHIRMIRI-BHARATPUR,22,CHHATTISGARH,point
23.625,82.125,758,MANENDRAGARH-CHIRMIRI-BHARATPUR,22,CHHATTISGARH,point
23.625,82.375,400,KOREA,22,CHHATTISGARH,point
23.625,82.625,641,SURAJPUR,22,CHHATTISGARH,point
23.625,82.875,641,SURAJPUR,22,CHHATTISGARH,point
23.625,83.125,641,SURAJPUR,22,CHHATTISGARH,point
23.625,83.375,642,BALRAMPUR,22,CHHATTISGARH,point
23.625,83.625,642,BALRAMPUR,22,CHHATTISGARH,point
23.625,83.875,346,GARHWA,20,JHARKHAND,point
23.625,84.125,359,LATEHAR,20,JHARKHAND,point
23.625,84.375,359,LATEHAR,20,JHARKHAND,point
23.625,84.625,356,LOHARDAGA,20,JHARKHAND,point
23.625,84.875,359,LATEHAR,20,JHARKHAND,point
23.625,85.125,364,RANCHI,20,JHARKHAND,point
23.625,85.375,361,RAMGARH,20,JHARKHAND,point
23.625,85.625,361,RAMGARH,20,JHARKHAND,point
23.625,85.875,355,BOKARO,20,JHARKHAND,point
23.625,86.125,355,BOKARO,20,JHARKHAND,point
23.625,86.375,355,BOKARO,20,JHARKHAND,point
23.625,86.625,340,PURULIYA,19,WEST BENGAL,point
23.625,86.875,340,PURULIYA,19,WEST BENGAL,point
23.625,87.125,728,PASCHIM BARDDHAMAN,19,WEST BENGAL,point
23.625,87.375,728,PASCHIM BARDDHAMAN,19,WEST BENGAL,point
23.625,87.625,334,BIRBH@M,19,WEST BENGAL,point
23.625,87.875,334,BIRBH@M,19,WEST BENGAL,point
23.625,88.125,335,PURBA BARDDHAMAN,19,WEST BENGAL,point
23.625,88.375,336,NADIA,19,WEST BENGAL,point
23.625,88.625,336,NADIA,19,WEST BENGAL,overlap
23.625,88.875,336,NADIA,19,WEST BENGAL,overlap
23.625,91.125,699,SEPAHIJALA,16,TRIPURA,overlap
23.625,91.375,699,SEPAHIJALA,16,TRIPURA,point
23.625,91.625,725,GOMTI,16,TRIPURA,point
23.625,91.875,291,DHALAI,16,TRIPURA,point
23.625,92.125,291,DHALAI,16,TRIPURA,overlap
23.625,92.375,281,MAMIT,15,MIZORAM,point
23.625,92.625,281,MAMIT,15,MIZORAM,point
23.625,92.875,283,AIZAWL,15,MIZORAM,point
23.625,93.125,703,KHAWZAWL,15,MIZORAM,point
23.625,93.375,284,CHAMPHAI,15,MIZORAM,point
23.875,68.125,468,KACHCHH,24,GUJARAT,overlap
23.875,68.375,468,KACHCHH,24,GUJARAT,point
23.875,68.625,468,KACHCHH,24,GUJARAT,point
23.875,68.875,468,KACHCHH,24,GUJARAT,point
23.875,69.125,468,KACHCHH,24,GUJARAT,point
23.875,69.375,468,KACHCHH,24,GUJARAT,point
23.875,69.625,468,KACHCHH,24,GUJARAT,point
23.875,69.875,468,KACHCHH,24,GUJARAT,point
23.875,70.125,468,KACHCHH,24,GUJARAT,point
23.875,70.375,468,KACHCHH,24,GUJARAT,point
23.875,70.625,468,KACHCHH,24,GUJARAT,point
23.875,70.875,468,KACHCHH,24,GUJARAT,point
23.875,71.125,470,PATAN,24,GUJARAT,point
23.875,71.375,470,PATAN,24,GUJARAT,point
23.875,71.625,470,PATAN,24,GUJARAT,point
23.875,71.875,469,BANAS KANTHA,24,GUJARAT,point
23.875,72.125,470,PATAN,24,GUJARAT,point
23.875,72.375,470,PATAN,24,GUJARAT,point
23.875,72.625,471,MAHESANA,24,GUJARAT,point
23.875,72.875,472,SABAR KANTHA,24,GUJARAT,point
23.875,73.125,472,SABAR KANTHA,24,GUJARAT,point
23.875,73.375,130,UDAIPUR,8,RAJASTHAN,point
23.875,73.625,124,DUNGARPUR,8,RAJASTHAN,point
23.875,73.875,124,DUNGARPUR,8,RAJASTHAN,point
23.875,74.125,124,DUNGARPUR,8,RAJASTHAN,point
23.875,74.375,125,BANSWARA,8,RAJASTHAN,point
23.875,74.625,131,PRATAPGARH,8,RAJASTHAN,point
23.875,74.875,131,PRATAPGARH,8,RAJASTHAN,point
23.875,75.125,433,MANDSAUR,23,MADHYA PRADESH,point
23.875,75.375,433,MANDSAUR,23,MADHYA PRADESH,point
23.875,75.625,129,JHALAWAR,8,RAJASTHAN,point
23.875,75.875,735,AGAR MALWA,23,MADHYA PRADESH,point
23.875,76.125,735,AGAR MALWA,23,MADHYA PRADESH,point
23.875,76.375,442,RAJGARH,23,MADHYA PRADESH,point
23.875,76.625,442,RAJGARH,23,MADHYA PRADESH,point
23.875,76.875,442,RAJGARH,23,MADHYA PRADESH,point
23.875,77.125,442,RAJGARH,23,MADHYA PRADESH,point
23.875,77.375,444,BHOPAL,23,MADHYA PRADESH,point
23.875,77.625,443,VIDISHA,23,MADHYA PRADESH,point
23.875,77.875,443,VIDISHA,23,MADHYA PRADESH,point
23.875,78.125,443,VIDISHA,23,MADHYA PRADESH,point
23.875,78.375,427,SAGAR,23,MADHYA PRADESH,point
23.875,78.625,427,SAGAR,23,MADHYA PRADESH,point
23.875,78.875,427,SAGAR,23,MADHYA PRADESH,point
23.875,79.125,428,DAMOH,23,MADHYA PRADESH,point
23.875,79.375,428,DAMOH,23,MADHYA PRADESH,point
23.875,79.625,428,DAMOH,23,MADHYA PRADESH,point
23.875,79.875,426,PANNA,23,MADHYA PRADESH,point
23.875,80.125,450,KATNI,23,MADHYA PRADESH,point
23.875,80.375,450,KATNI,23,MADHYA PRADESH,point
23.875,80.625,450,KATNI,23,MADHYA PRADESH,point
23.875,80.875,431,UMARIA,23,MADHYA PRADESH,point
23.875,81.125,431,UMARIA,23,MADHYA PRADESH,point
23.875,81.375,460,SHAHDOL,23,MADHYA PRADESH,point
23.875,81.625,758,MANENDRAGARH-CHIRMIRI-BHARATPUR,22,CHHATTISGARH,point
23.875,81.875,462,SIDHI,23,MADHYA PRADESH,point
23.875,82.125,462,SIDHI,23,MADHYA PRADESH,point
23.875,82.375,463,SINGRAULI,23,MADHYA PRADESH,point
23.875,82.625,463,SINGRAULI,23,MADHYA PRADESH,point
23.875,82.875,642,BALRAMPUR,22,CHHATTISGARH,point
23.875,83.125,642,BALRAMPUR,22,CHHATTISGARH,point
23.875,83.375,642,BALRAMPUR,22,CHHATTISGARH,point
23.875,83.625,346,GARHWA,20,JHARKHAND,point
23.875,83.875,346,GARHWA,20,JHARKHAND,point
23.875,84.125,359,LATEHAR,20,JHARKHAND,point
23.875,84.375,359,LATEHAR,20,JHARKHAND,point
23.875,84.625,359,LATEHAR,20,JHARKHAND,point
23.875,84.875,359,LATEHAR,20,JHARKHAND,point
23.875,85.125,360,HAZARIBAGH,20,JHARKHAND,point
23.875,85.375,360,HAZARIBAGH,20,JHARKHAND,point
23.875,85.625,355,BOKARO,20,JHARKHAND,point
23.875,85.875,355,BOKARO,20,JHARKHAND,point
23.875,86.125,354,DHANBAD,20,JHARKHAND,point
23.875,86.375,354,DHANBAD,20,JHARKHAND,point
23.875,86.625,354,DHANBAD,20,JHARKHAND,point
23.875,86.875,363,JAMTARA,20,JHARKHAND,point
23.875,87.125,363,JAMTARA,20,JHARKHAND,point
23.875,87.375,334,BIRBH@M,19,WEST BENGAL,point
23.875,87.625,334,BIRBH@M,19,WEST BENGAL,point
23.875,87.875,333,MURSHIDABAD,19,WEST BENGAL,point
23.875,88.125,333,MURSHIDABAD,19,WEST BENGAL,point
23.875,88.375,333,MURSHIDABAD,19,WEST BENGAL,point
23.875,88.625,336,NADIA,19,WEST BENGAL,point
23.875,88.875,336,NADIA,19,WEST BENGAL,overlap
23.875,91.125,289,WEST TRIPURA,16,TRIPURA,overlap
23.875,91.375,289,WEST TRIPURA,16,TRIPURA,point
23.875,91.625,698,KHOWAI,16,TRIPURA,point
23.875,91.875,291,DHALAI,16,TRIPURA,point
23.875,92.125,291,DHALAI,16,TRIPURA,point
23.875,92.375,281,MAMIT,15,MIZORAM,point
23.875,92.625,281,MAMIT,15,MIZORAM,point
23.875,92.875,283,AIZAWL,15,MIZORAM,point
23.875,93.125,682,SAITUAL,15,MIZORAM,point
23.875,93.375,284,CHAMPHAI,15,MIZORAM,point
23.875,93.625,274,CHURACHANDPUR,14,MANIPUR,overlap
23.875,93.875,280,CHANDEL,14,MANIPUR,overlap
23.875,94.125,280,CHANDEL,14,MANIPUR,point
24.125,68.875,468,KACHCHH,24,GUJARAT,point
24.125,69.125,468,KACHCHH,24,GUJARAT,point
24.125,69.375,468,KACHCHH,24,GUJARAT,point
24.125,69.625,468,KACHCHH,24,GUJARAT,point
24.125,69.875,468,KACHCHH,24,GUJARAT,point
24.125,70.125,468,KACHCHH,24,GUJARAT,point
24.125,70.375,468,KACHCHH,24,GUJARAT,point
24.125,70.625,468,KACHCHH,24,GUJARAT,point
24.125,70.875,468,KACHCHH,24,GUJARAT,point
24.125,71.125,468,KACHCHH,24,GUJARAT,point
24.125,71.375,469,BANAS KANTHA,24,GUJARAT,point
24.125,71.625,469,BANAS KANTHA,24,GUJARAT,point
24.125,71.875,469,BANAS KANTHA,24,GUJARAT,point
24.125,72.125,469,BANAS KANTHA,24,GUJARAT,point
24.125,72.375,469,BANAS KANTHA,24,GUJARAT,point
24.125,72.625,469,BANAS KANTHA,24,GUJARAT,point
24.125,72.875,469,BANAS KANTHA,24,GUJARAT,point
24.125,73.125,472,SABAR KANTHA,24,GUJARAT,point
24.125,73.375,130,UDAIPUR,8,RAJASTHAN,point
24.125,73.625,130,UDAIPUR,8,RAJASTHAN,point
24.125,73.875,775,SALUMBAR,8,RAJASTHAN,point
24.125,74.125,775,SALUMBAR,8,RAJASTHAN,point
24.125,74.375,131,PRATAPGARH,8,RAJASTHAN,point
24.125,74.625,131,PRATAPGARH,8,RAJASTHAN,point
24.125,74.875,131,PRATAPGARH,8,RAJASTHAN,point
24.125,75.125,433,MANDSAUR,23,MADHYA PRADESH,point
24.125,75.375,433,MANDSAUR,23,MADHYA PRADESH,point
24.125,75.625,433,MANDSAUR,23,MADHYA PRADESH,point
24.125,75.875,129,JHALAWAR,8,RAJASTHAN,point
24.125,76.125,129,JHALAWAR,8,RAJASTHAN,point
24.125,76.375,442,RAJGARH,23,MADHYA PRADESH,point
24.125,76.625,442,RAJGARH,23,MADHYA PRADESH,point
24.125,76.875,442,RAJGARH,23,MADHYA PRADESH,point
24.125,77.125,458,GUNA,23,MADHYA PRADESH,point
24.125,77.375,443,VIDISHA,23,MADHYA PRADESH,point
24.125,77.625,443,VIDISHA,23,MADHYA PRADESH,point
24.125,77.875,443,VIDISHA,23,MADHYA PRADESH,point
24.125,78.125,443,VIDISHA,23,MADHYA PRADESH,point
24.125,78.375,427,SAGAR,23,MADHYA PRADESH,point
24.125,78.625,427,SAGAR,23,MADHYA PRADESH,point
24.125,78.875,427,SAGAR,23,MADHYA PRADESH,point
24.125,79.125,425,CHHATARPUR,23,MADHYA PRADESH,point
24.125,79.375,428,DAMOH,23,MADHYA PRADESH,point
24.125,79.625,428,DAMOH,23,MADHYA PRADESH,point
24.125,79.875,426,PANNA,23,MADHYA PRADESH,point
24.125,80.125,426,PANNA,23,MADHYA PRADESH,point
24.125,80.375,426,PANNA,23,MADHYA PRADESH,point
24.125,80.625,768,MAIHAR,23,MADHYA PRADESH,point
24.125,80.875,768,MAIHAR,23,MADHYA PRADESH,point
24.125,81.125,460,SHAHDOL,23,MADHYA PRADESH,point
24.125,81.375,460,SHAHDOL,23,MADHYA PRADESH,point
24.125,81.625,462,SIDHI,23,MADHYA PRADESH,point
24.125,81.875,462,SIDHI,23,MADHYA PRADESH,point
24.125,82.125,463,SINGRAULI,23,MADHYA PRADESH,point
24.125,82.375,463,SINGRAULI,23,MADHYA PRADESH,point
24.125,82.625,463,SINGRAULI,23,MADHYA PRADESH,point
24.125,82.875,200,SONBHADRA,9,UTTAR PRADESH,point
24.125,83.125,200,SONBHADRA,9,UTTAR PRADESH,point
24.125,83.375,346,GARHWA,20,JHARKHAND,point
24.125,83.625,346,GARHWA,20,JHARKHAND,point
24.125,83.875,346,GARHWA,20,JHARKHAND,point
24.125,84.125,358,PALAMU,20,JHARKHAND,point
24.125,84.375,358,PALAMU,20,JHARKHAND,point
24.125,84.625,347,CHATRA,20,JHARKHAND,point
24.125,84.875,347,CHATRA,20,JHARKHAND,point
24.125,85.125,347,CHATRA,20,JHARKHAND,point
24.125,85.375,360,HAZARIBAGH,20,JHARKHAND,point
24.125,85.625,360,HAZARIBAGH,20,JHARKHAND,point
24.125,85.875,349,GIRIDIH,20,JHARKHAND,point
24.125,86.125,349,GIRIDIH,20,JHARKHAND,point
24.125,86.375,349,GIRIDIH,20,JHARKHAND,point
24.125,86.625,363,JAMTARA,20,JHARKHAND,point
24.125,86.875,350,DEOGHAR,20,JHARKHAND,point
24.125,87.125,362,DUMKA,20,JHARKHAND,point
24.125,87.375,362,DUMKA,20,JHARKHAND,point
24.125,87.625,334,BIRBH@M,19,WEST BENGAL,point
24.125,87.875,334,BIRBH@M,19,WEST BENGAL,point
24.125,88.125,333,MURSHIDABAD,19,WEST BENGAL,point
24.125,88.375,333,MURSHIDABAD,19,WEST BENGAL,point
24.125,88.625,333,MURSHIDABAD,19,WEST BENGAL,point
24.125,88.875,336,NADIA,19,WEST BENGAL,overlap
24.125,91.375,289,WEST TRIPURA,16,TRIPURA,overlap
24.125,91.625,698,KHOWAI,16,TRIPURA,overlap
24.125,91.875,291,DHALAI,16,TRIPURA,point
24.125,92.125,706,UNAKOTI,16,TRIPURA,point
24.125,92.375,281,MAMIT,15,MIZORAM,point
24.125,92.625,282,KOLASIB,15,MIZORAM,point
24.125,92.875,283,AIZAWL,15,MIZORAM,point
24.125,93.125,718,PHERZAWL,14,MANIPUR,point
24.125,93.375,718,PHERZAWL,14,MANIPUR,point
24.125,93.625,274,CHURACHANDPUR,14,MANIPUR,point
24.125,93.875,280,CHANDEL,14,MANIPUR,point
24.125,94.125,280,CHANDEL,14,MANIPUR,point
24.125,94.375,667,TENGNOUPAL,14,MANIPUR,overlap
24.375,68.875,468,KACHCHH,24,GUJARAT,overlap
24.375,69.125,468,KACHCHH,24,GUJARAT,overlap
24.375,69.375,468,KACHCHH,24,GUJARAT,overlap
24.375,69.625,468,KACHCHH,24,GUJARAT,overlap
24.375,70.125,468,KACHCHH,24,GUJARAT,overlap
24.375,70.375,468,KACHCHH,24,GUJARAT,overlap
24.375,70.625,468,KACHCHH,24,GUJARAT,overlap
24.375,70.875,468,KACHCHH,24,GUJARAT,overlap
24.375,71.125,468,KACHCHH,24,GUJARAT,point
24.375,71.375,469,BANAS KANTHA,24,GUJARAT,point
24.375,71.625,469,BANAS KANTHA,24,GUJARAT,point
24.375,71.875,469,BANAS KANTHA,24,GUJARAT,point
24.375,72.125,469,BANAS KANTHA,24,GUJARAT,point
24.375,72.375,469,BANAS KANTHA,24,GUJARAT,point
24.375,72.625,469,BANAS KANTHA,24,GUJARAT,point
24.375,72.875,117,SIROHI,8,RAJASTHAN,point
24.375,73.125,130,UDAIPUR,8,RAJASTHAN,point
24.375,73.375,130,UDAIPUR,8,RAJASTHAN,point
24.375,73.625,130,UDAIPUR,8,RAJASTHAN,point
24.375,73.875,130,UDAIPUR,8,RAJASTHAN,point
24.375,74.125,130,UDAIPUR,8,RAJASTHAN,point
24.375,74.375,126,CHITTAURGARH,8,RAJASTHAN,point
24.375,74.625,131,PRATAPGARH,8,RAJASTHAN,point
24.375,74.875,432,NEEMUCH,23,MADHYA PRADESH,point
24.375,75.125,432,NEEMUCH,23,MADHYA PRADESH,point
24.375,75.375,432,NEEMUCH,23,MADHYA PRADESH,point
24.375,75.625,433,MANDSAUR,23,MADHYA PRADESH,point
24.375,75.875,129,JHALAWAR,8,RAJASTHAN,point
24.375,76.125,129,JHALAWAR,8,RAJASTHAN,point
24.375,76.375,129,JHALAWAR,8,RAJASTHAN,point
24.375,76.625,129,JHALAWAR,8,RAJASTHAN,point
24.375,76.875,458,GUNA,23,MADHYA PRADESH,point
24.375,77.125,458,GUNA,23,MADHYA PRADESH,point
24.375,77.375,458,GUNA,23,MADHYA PRADESH,point
24.375,77.625,458,GUNA,23,MADHYA PRADESH,point
24.375,77.875,459,ASHOKNAGAR,23,MADHYA PRADESH,point
24.375,78.125,459,ASHOKNAGAR,23,MADHYA PRADESH,point
24.375,78.375,167,LALITPUR,9,UTTAR PRADESH,point
24.375,78.625,167,LALITPUR,9,UTTAR PRADESH,point
24.375,78.875,167,LALITPUR,9,UTTAR PRADESH,point
24.375,79.125,427,SAGAR,23,MADHYA PRADESH,point
24.375,79.375,425,CHHATARPUR,23,MADHYA PRADESH,point
24.375,79.625,425,CHHATARPUR,23,MADHYA PRADESH,point
24.375,79.875,425,CHHATARPUR,23,MADHYA PRADESH,point
24.375,80.125,426,PANNA,23,MADHYA PRADESH,point
24.375,80.375,426,PANNA,23,MADHYA PRADESH,point
24.375,80.625,429,SATNA,23,MADHYA PRADESH,point
24.375,80.875,429,SATNA,23,MADHYA PRADESH,point
24.375,81.125,768,MAIHAR,23,MADHYA PRADESH,point
24.375,81.375,430,REWA,23,MADHYA PRADESH,point
24.375,81.625,462,SIDHI,23,MADHYA PRADESH,point
24.375,81.875,462,SIDHI,23,MADHYA PRADESH,point
24.375,82.125,462,SIDHI,23,MADHYA PRADESH,point
24.375,82.375,463,SINGRAULI,23,MADHYA PRADESH,point
24.375,82.625,463,SINGRAULI,23,MADHYA PRADESH,point
24.375,82.875,200,SONBHADRA,9,UTTAR PRADESH,point
24.375,83.125,200,SONBHADRA,9,UTTAR PRADESH,point
24.375,83.375,200,SONBHADRA,9,UTTAR PRADESH,point
24.375,83.625,346,GARHWA,20,JHARKHAND,point
24.375,83.875,358,PALAMU,20,JHARKHAND,point
24.375,84.125,358,PALAMU,20,JHARKHAND,point
24.375,84.375,358,PALAMU,20,JHARKHAND,point
24.375,84.625,347,CHATRA,20,JHARKHAND,point
24.375,84.875,347,CHATRA,20,JHARKHAND,point
24.375,85.125,360,HAZARIBAGH,20,JHARKHAND,point
24.375,85.375,360,HAZARIBAGH,20,JHARKHAND,point
24.375,85.625,348,KODERMA,20,JHARKHAND,point
24.375,85.875,349,GIRIDIH,20,JHARKHAND,point
24.375,86.125,349,GIRIDIH,20,JHARKHAND,point
24.375,86.375,349,GIRIDIH,20,JHARKHAND,point
24.375,86.625,350,DEOGHAR,20,JHARKHAND,point
24.375,86.875,350,DEOGHAR,20,JHARKHAND,point
24.375,87.125,362,DUMKA,20,JHARKHAND,point
24.375,87.375,362,DUMKA,20,JHARKHAND,point
24.375,87.625,353,PAKUR,20,JHARKHAND,point
24.375,87.875,334,BIRBH@M,19,WEST BENGAL,point
24.375,88.125,333,MURSHIDABAD,19,WEST BENGAL,point
24.375,88.375,333,MURSHIDABAD,19,WEST BENGAL,overlap
24.375,88.625,333,MURSHIDABAD,19,WEST BENGAL,overlap
24.375,91.875,706,UNAKOTI,16,TRIPURA,overlap
24.375,92.125,292,NORTH TRIPURA,16,TRIPURA,point
24.375,92.375,317,"SRIBHUMI
",18,ASSAM,point
24.375,92.625,318,HAILAKANDI,18,ASSAM,point
24.375,92.875,283,AIZAWL,15,MIZORAM,point
24.375,93.125,718,PHERZAWL,14,MANIPUR,point
24.375,93.375,718,PHERZAWL,14,MANIPUR,point
24.375,93.625,274,CHURACHANDPUR,14,MANIPUR,point
24.375,93.875,651,KAKCHING,14,MANIPUR,point
24.375,94.125,280,CHANDEL,14,MANIPUR,point
24.375,94.375,667,TENGNOUPAL,14,MANIPUR,point
24.625,70.875,468,KACHCHH,24,GUJARAT,overlap
24.625,71.125,468,KACHCHH,24,GUJARAT,point
24.625,71.375,469,BANAS KANTHA,24,GUJARAT,point
24.625,71.625,469,BANAS KANTHA,24,GUJARAT,point
24.625,71.875,469,BANAS KANTHA,24,GUJARAT,point
24.625,72.125,469,BANAS KANTHA,24,GUJARAT,point
24.625,72.375,117,SIROHI,8,RAJASTHAN,point
24.625,72.625,117,SIROHI,8,RAJASTHAN,point
24.625,72.875,117,SIROHI,8,RAJASTHAN,point
24.625,73.125,130,UDAIPUR,8,RAJASTHAN,point
24.625,73.375,130,UDAIPUR,8,RAJASTHAN,point
24.625,73.625,130,UDAIPUR,8,RAJASTHAN,point
24.625,73.875,130,UDAIPUR,8,RAJASTHAN,point
24.625,74.125,130,UDAIPUR,8,RAJASTHAN,point
24.625,74.375,126,CHITTAURGARH,8,RAJASTHAN,point
24.625,74.625,126,CHITTAURGARH,8,RAJASTHAN,point
24.625,74.875,432,NEEMUCH,23,MADHYA PRADESH,point
24.625,75.125,432,NEEMUCH,23,MADHYA PRADESH,point
24.625,75.375,432,NEEMUCH,23,MADHYA PRADESH,point
24.625,75.625,433,MANDSAUR,23,MADHYA PRADESH,point
24.625,75.875,127,KOTA,8,RAJASTHAN,point
24.625,76.125,129,JHALAWAR,8,RAJASTHAN,point
24.625,76.375,129,JHALAWAR,8,RAJASTHAN,point
24.625,76.625,128,BARAN,8,RAJASTHAN,point
24.625,76.875,128,BARAN,8,RAJASTHAN,point
24.625,77.125,458,GUNA,23,MADHYA PRADESH,point
24.625,77.375,458,GUNA,23,MADHYA PRADESH,point
24.625,77.625,459,ASHOKNAGAR,23,MADHYA PRADESH,point
24.625,77.875,459,ASHOKNAGAR,23,MADHYA PRADESH,point
24.625,78.125,459,ASHOKNAGAR,23,MADHYA PRADESH,point
24.625,78.375,167,LALITPUR,9,UTTAR PRADESH,point
24.625,78.625,167,LALITPUR,9,UTTAR PRADESH,point
24.625,78.875,167,LALITPUR,9,UTTAR PRADESH,point
24.625,79.125,425,CHHATARPUR,23,MADHYA PRADESH,point
24.625,79.375,425,CHHATARPUR,23,MADHYA PRADESH,point
24.625,79.625,425,CHHATARPUR,23,MADHYA PRADESH,point
24.625,79.875,426,PANNA,23,MADHYA PRADESH,point
24.625,80.125,426,PANNA,23,MADHYA PRADESH,point
24.625,80.375,426,PANNA,23,MADHYA PRADESH,point
24.625,80.625,429,SATNA,23,MADHYA PRADESH,point
24.625,80.875,429,SATNA,23,MADHYA PRADESH,point
24.625,81.125,429,SATNA,23,MADHYA PRADESH,point
24.625,81.375,430,REWA,23,MADHYA PRADESH,point
24.625,81.625,430,REWA,23,MADHYA PRADESH,point
24.625,81.875,767,MAUGANJ,23,MADHYA PRADESH,point
24.625,82.125,767,MAUGANJ,23,MADHYA PRADESH,point
24.625,82.375,199,MIRZAPUR,9,UTTAR PRADESH,point
24.625,82.625,463,SINGRAULI,23,MADHYA PRADESH,point
24.625,82.875,200,SONBHADRA,9,UTTAR PRADESH,point
24.625,83.125,200,SONBHADRA,9,UTTAR PRADESH,point
24.625,83.375,200,SONBHADRA,9,UTTAR PRADESH,point
24.625,83.625,233,Kaimur (Bhabua),10,BIHAR,point
24.625,83.875,234,Rohtas,10,BIHAR,point
24.625,84.125,235,Aurangabad,10,BIHAR,point
24.625,84.375,235,Aurangabad,10,BIHAR,point
24.625,84.625,236,Gaya,10,BIHAR,point
24.625,84.875,236,Gaya,10,BIHAR,point
24.625,85.125,236,Gaya,10,BIHAR,point
24.625,85.375,237,Nawada,10,BIHAR,point
24.625,85.625,237,Nawada,10,BIHAR,point
24.625,85.875,349,GIRIDIH,20,JHARKHAND,point
24.625,86.125,238,Jamui,10,BIHAR,point
24.625,86.375,238,Jamui,10,BIHAR,point
24.625,86.625,225,Banka,10,BIHAR,point
24.625,86.875,225,Banka,10,BIHAR,point
24.625,87.125,362,DUMKA,20,JHARKHAND,point
24.625,87.375,351,GODDA,20,JHARKHAND,point
24.625,87.625,353,PAKUR,20,JHARKHAND,point
24.625,87.875,353,PAKUR,20,JHARKHAND,point
24.625,88.125,333,MURSHIDABAD,19,WEST BENGAL,overlap
24.625,92.125,317,"SRIBHUMI
",18,ASSAM,overlap
24.625,92.375,317,"SRIBHUMI
",18,ASSAM,point
24.625,92.625,318,HAILAKANDI,18,ASSAM,point
24.625,92.875,316,CACHAR,18,ASSAM,point
24.625,93.125,718,PHERZAWL,14,MANIPUR,point
24.625,93.375,659,NONEY,14,MANIPUR,point
24.625,93.625,659,NONEY,14,MANIPUR,point
24.625,93.875,277,IMPHAL WEST,14,MANIPUR,point
24.625,94.125,670,KAMJANG,14,MANIPUR,point
24.625,94.375,670,KAMJANG,14,MANIPUR,point
24.625,94.625,670,KAMJANG,14,MANIPUR,overlap
24.875,70.875,115,BARMER,8,RAJASTHAN,overlap
24.875,71.125,115,BARMER,8,RAJASTHAN,point
24.875,71.375,116,JALOR,8,RAJASTHAN,point
24.875,71.625,116,JALOR,8,RAJASTHAN,point
24.875,71.875,116,JALOR,8,RAJASTHAN,point
24.875,72.125,116,JALOR,8,RAJASTHAN,point
24.875,72.375,116,JALOR,8,RAJASTHAN,point
24.875,72.625,117,SIROHI,8,RAJASTHAN,point
24.875,72.875,117,SIROHI,8,RAJASTHAN,point
24.875,73.125,118,PALI,8,RAJASTHAN,point
24.875,73.375,130,UDAIPUR,8,RAJASTHAN,point
24.875,73.625,130,UDAIPUR,8,RAJASTHAN,point
24.875,73.875,130,UDAIPUR,8,RAJASTHAN,point
24.875,74.125,130,UDAIPUR,8,RAJASTHAN,point
24.875,74.375,126,CHITTAURGARH,8,RAJASTHAN,point
24.875,74.625,126,CHITTAURGARH,8,RAJASTHAN,point
24.875,74.875,432,NEEMUCH,23,MADHYA PRADESH,point
24.875,75.125,432,NEEMUCH,23,MADHYA PRADESH,point
24.875,75.375,126,CHITTAURGARH,8,RAJASTHAN,point
24.875,75.625,126,CHITTAURGARH,8,RAJASTHAN,point
24.875,75.875,127,KOTA,8,RAJASTHAN,point
24.875,76.125,127,KOTA,8,RAJASTHAN,point
24.875,76.375,127,KOTA,8,RAJASTHAN,point
24.875,76.625,128,BARAN,8,RAJASTHAN,point
24.875,76.875,128,BARAN,8,RAJASTHAN,point
24.875,77.125,458,GUNA,23,MADHYA PRADESH,point
24.875,77.375,458,GUNA,23,MADHYA PRADESH,point
24.875,77.625,459,ASHOKNAGAR,23,MADHYA PRADESH,point
24.875,77.875,459,ASHOKNAGAR,23,MADHYA PRADESH,point
24.875,78.125,423,SHIVPURI,23,MADHYA PRADESH,point
24.875,78.375,167,LALITPUR,9,UTTAR PRADESH,point
24.875,78.625,167,LALITPUR,9,UTTAR PRADESH,point
24.875,78.875,424,TIKAMGARH,23,MADHYA PRADESH,point
24.875,79.125,424,TIKAMGARH,23,MADHYA PRADESH,point
24.875,79.375,425,CHHATARPUR,23,MADHYA PRADESH,point
24.875,79.625,425,CHHATARPUR,23,MADHYA PRADESH,point
24.875,79.875,425,CHHATARPUR,23,MADHYA PRADESH,point
24.875,80.125,426,PANNA,23,MADHYA PRADESH,point
24.875,80.375,426,PANNA,23,MADHYA PRADESH,point
24.875,80.625,429,SATNA,23,MADHYA PRADESH,point
24.875,80.875,429,SATNA,23,MADHYA PRADESH,point
24.875,81.125,430,REWA,23,MADHYA PRADESH,point
24.875,81.375,430,REWA,23,MADHYA PRADESH,point
24.875,81.625,430,REWA,23,MADHYA PRADESH,point
24.875,81.875,430,REWA,23,MADHYA PRADESH,point
24.875,82.125,175,PRAYAGRAJ,9,UTTAR PRADESH,point
24.875,82.375,199,MIRZAPUR,9,UTTAR PRADESH,point
24.875,82.625,199,MIRZAPUR,9,UTTAR PRADESH,point
24.875,82.875,199,MIRZAPUR,9,UTTAR PRADESH,point
24.875,83.125,196,CHANDAULI,9,UTTAR PRADESH,point
24.875,83.375,233,Kaimur (Bhabua),10,BIHAR,point
24.875,83.625,233,Kaimur (Bhabua),10,BIHAR,point
24.875,83.875,234,Rohtas,10,BIHAR,point
24.875,84.125,234,Rohtas,10,BIHAR,point
24.875,84.375,235,Aurangabad,10,BIHAR,point
24.875,84.625,235,Aurangabad,10,BIHAR,point
24.875,84.875,236,Gaya,10,BIHAR,point
24.875,85.125,236,Gaya,10,BIHAR,point
24.875,85.375,237,Nawada,10,BIHAR,point
24.875,85.625,237,Nawada,10,BIHAR,point
24.875,85.875,237,Nawada,10,BIHAR,point
24.875,86.125,238,Jamui,10,BIHAR,point
24.875,86.375,238,Jamui,10,BIHAR,point
24.875,86.625,225,Banka,10,BIHAR,point
24.875,86.875,225,Banka,10,BIHAR,point
24.875,87.125,225,Banka,10,BIHAR,point
24.875,87.375,351,GODDA,20,JHARKHAND,point
24.875,87.625,352,SAHIBGANJ,20,JHARKHAND,point
24.875,87.875,352,SAHIBGANJ,20,JHARKHAND,point
24.875,88.125,332,MALDAH,19,WEST BENGAL,point
24.875,88.375,332,MALDAH,19,WEST BENGAL,overlap
24.875,92.125,317,"SRIBHUMI
",18,ASSAM,overlap
24.875,92.375,317,"SRIBHUMI
",18,ASSAM,overlap
24.875,92.625,316,CACHAR,18,ASSAM,point
24.875,92.875,316,CACHAR,18,ASSAM,point
24.875,93.125,316,CACHAR,18,ASSAM,point
24.875,93.375,273,TAMENGLONG,14,MANIPUR,point
24.875,93.625,273,TAMENGLONG,14,MANIPUR,point
24.875,93.875,277,IMPHAL WEST,14,MANIPUR,point
24.875,94.125,679,KANGPOKPI,14,MANIPUR,point
24.875,94.375,670,KAMJANG,14,MANIPUR,point
24.875,94.625,670,KAMJANG,14,MANIPUR,point
25.125,70.875,115,BARMER,8,RAJASTHAN,overlap
25.125,71.125,115,BARMER,8,RAJASTHAN,point
25.125,71.375,115,BARMER,8,RAJASTHAN,point
25.125,71.625,115,BARMER,8,RAJASTHAN,point
25.125,71.875,116,JALOR,8,RAJASTHAN,point
25.125,72.125,116,JALOR,8,RAJASTHAN,point
25.125,72.375,116,JALOR,8,RAJASTHAN,point
25.125,72.625,116,JALOR,8,RAJASTHAN,point
25.125,72.875,117,SIROHI,8,RAJASTHAN,point
25.125,73.125,118,PALI,8,RAJASTHAN,point
25.125,73.375,118,PALI,8,RAJASTHAN,point
25.125,73.625,123,RAJSAMAND,8,RAJASTHAN,point
25.125,73.875,123,RAJSAMAND,8,RAJASTHAN,point
25.125,74.125,123,RAJSAMAND,8,RAJASTHAN,point
25.125,74.375,126,CHITTAURGARH,8,RAJASTHAN,point
25.125,74.625,126,CHITTAURGARH,8,RAJASTHAN,point
25.125,74.875,126,CHITTAURGARH,8,RAJASTHAN,point
25.125,75.125,126,CHITTAURGARH,8,RAJASTHAN,point
25.125,75.375,122,BHILWARA,8,RAJASTHAN,point
25.125,75.625,121,BUNDI,8,RAJASTHAN,point
25.125,75.875,127,KOTA,8,RAJASTHAN,point
25.125,76.125,127,KOTA,8,RAJASTHAN,point
25.125,76.375,128,BARAN,8,RAJASTHAN,point
25.125,76.625,128,BARAN,8,RAJASTHAN,point
25.125,76.875,128,BARAN,8,RAJASTHAN,point
25.125,77.125,128,BARAN,8,RAJASTHAN,point
25.125,77.375,128,BARAN,8,RAJASTHAN,point
25.125,77.625,423,SHIVPURI,23,MADHYA PRADESH,point
25.125,77.875,423,SHIVPURI,23,MADHYA PRADESH,point
25.125,78.125,423,SHIVPURI,23,MADHYA PRADESH,point
25.125,78.375,422,DATIA,23,MADHYA PRADESH,point
25.125,78.625,753,NIWARI,23,MADHYA PRADESH,point
25.125,78.875,424,TIKAMGARH,23,MADHYA PRADESH,point
25.125,79.125,424,TIKAMGARH,23,MADHYA PRADESH,point
25.125,79.375,425,CHHATARPUR,23,MADHYA PRADESH,point
25.125,79.625,425,CHHATARPUR,23,MADHYA PRADESH,point
25.125,79.875,425,CHHATARPUR,23,MADHYA PRADESH,point
25.125,80.125,425,CHHATARPUR,23,MADHYA PRADESH,point
25.125,80.375,170,BANDA,9,UTTAR PRADESH,point
25.125,80.625,429,SATNA,23,MADHYA PRADESH,point
25.125,80.875,429,SATNA,23,MADHYA PRADESH,point
25.125,81.125,171,CHITRAKOOT,9,UTTAR PRADESH,point
25.125,81.375,430,REWA,23,MADHYA PRADESH,point
25.125,81.625,175,PRAYAGRAJ,9,UTTAR PRADESH,point
25.125,81.875,175,PRAYAGRAJ,9,UTTAR PRADESH,point
25.125,82.125,175,PRAYAGRAJ,9,UTTAR PRADESH,point
25.125,82.375,199,MIRZAPUR,9,UTTAR PRADESH,point
25.125,82.625,199,MIRZAPUR,9,UTTAR PRADESH,point
25.125,82.875,199,MIRZAPUR,9,UTTAR PRADESH,point
25.125,83.125,199,MIRZAPUR,9,UTTAR PRADESH,point
25.125,83.375,233,Kaimur (Bhabua),10,BIHAR,point
25.125,83.625,233,Kaimur (Bhabua),10,BIHAR,point
25.125,83.875,234,Rohtas,10,BIHAR,point
25.125,84.125,234,Rohtas,10,BIHAR,point
25.125,84.375,234,Rohtas,10,BIHAR,point
25.125,84.625,240,Arwal,10,BIHAR,point
25.125,84.875,239,Jehanabad,10,BIHAR,point
25.125,85.125,239,Jehanabad,10,BIHAR,point
25.125,85.375,229,Nalanda,10,BIHAR,point
25.125,85.625,228,Sheikhpura,10,BIHAR,point
25.125,85.875,228,Sheikhpura,10,BIHAR,point
25.125,86.125,227,Lakhisarai,10,BIHAR,point
25.125,86.375,238,Jamui,10,BIHAR,point
25.125,86.625,226,Munger,10,BIHAR,point
25.125,86.875,224,Bhagalpur,10,BIHAR,point
25.125,87.125,224,Bhagalpur,10,BIHAR,point
25.125,87.375,351,GODDA,20,JHARKHAND,point
25.125,87.625,352,SAHIBGANJ,20,JHARKHAND,point
25.125,87.875,332,MALDAH,19,WEST BENGAL,point
25.125,88.125,332,MALDAH,19,WEST BENGAL,point
25.125,88.375,332,MALDAH,19,WEST BENGAL,point
25.125,88.625,331,DAKSHIN DINAJPUR,19,WEST BENGAL,overlap
25.125,88.875,331,DAKSHIN DINAJPUR,19,WEST BENGAL,overlap
25.125,90.125,293,WEST GARO HILLS,17,MEGHALAYA,overlap
25.125,90.375,295,SOUTH GARO HILLS,17,MEGHALAYA,overlap
25.125,90.625,295,SOUTH GARO HILLS,17,MEGHALAYA,overlap
25.125,90.875,295,SOUTH GARO HILLS,17,MEGHALAYA,overlap
25.125,91.125,668,SOUTH WEST KHASI HILLS,17,MEGHALAYA,overlap
25.125,91.375,298,EAST KHASI HILLS,17,MEGHALAYA,overlap
25.125,91.625,298,EAST KHASI HILLS,17,MEGHALAYA,overlap
25.125,91.875,298,EAST KHASI HILLS,17,MEGHALAYA,overlap
25.125,92.125,299,WEST JAINTIA HILLS,17,MEGHALAYA,overlap
25.125,92.375,666,EAST JAINTIA HILLS,17,MEGHALAYA,point
25.125,92.625,666,EAST JAINTIA HILLS,17,MEGHALAYA,point
25.125,92.875,315,DIMA HASAO,18,ASSAM,point
25.125,93.125,315,DIMA HASAO,18,ASSAM,point
25.125,93.375,273,TAMENGLONG,14,MANIPUR,point
25.125,93.625,273,TAMENGLONG,14,MANIPUR,point
25.125,93.875,679,KANGPOKPI,14,MANIPUR,point
25.125,94.125,679,KANGPOKPI,14,MANIPUR,point
25.125,94.375,279,UKHRUL,14,MANIPUR,point
25.125,94.625,670,KAMJANG,14,MANIPUR,point
25.375,70.625,115,BARMER,8,RAJASTHAN,overlap
25.375,70.875,115,BARMER,8,RAJASTHAN,point
25.375,71.125,115,BARMER,8,RAJASTHAN,point
25.375,71.375,115,BARMER,8,RAJASTHAN,point
25.375,71.625,115,BARMER,8,RAJASTHAN,point
25.375,71.875,785,BALOTRA,8,RAJASTHAN,point
25.375,72.125,116,JALOR,8,RAJASTHAN,point
25.375,72.375,116,JALOR,8,RAJASTHAN,point
25.375,72.625,116,JALOR,8,RAJASTHAN,point
25.375,72.875,116,JALOR,8,RAJASTHAN,point
25.375,73.125,118,PALI,8,RAJASTHAN,point
25.375,73.375,118,PALI,8,RAJASTHAN,point
25.375,73.625,118,PALI,8,RAJASTHAN,point
25.375,73.875,123,RAJSAMAND,8,RAJASTHAN,point
25.375,74.125,122,BHILWARA,8,RAJASTHAN,point
25.375,74.375,122,BHILWARA,8,RAJASTHAN,point
25.375,74.625,122,BHILWARA,8,RAJASTHAN,point
25.375,74.875,122,BHILWARA,8,RAJASTHAN,point
25.375,75.125,122,BHILWARA,8,RAJASTHAN,point
25.375,75.375,121,BUNDI,8,RAJASTHAN,point
25.375,75.625,121,BUNDI,8,RAJASTHAN,point
25.375,75.875,121,BUNDI,8,RAJASTHAN,point
25.375,76.125,121,BUNDI,8,RAJASTHAN,point
25.375,76.375,128,BARAN,8,RAJASTHAN,point
25.375,76.625,128,BARAN,8,RAJASTHAN,point
25.375,76.875,418,SHEOPUR,23,MADHYA PRADESH,point
25.375,77.125,423,SHIVPURI,23,MADHYA PRADESH,point
25.375,77.375,423,SHIVPURI,23,MADHYA PRADESH,point
25.375,77.625,423,SHIVPURI,23,MADHYA PRADESH,point
25.375,77.875,423,SHIVPURI,23,MADHYA PRADESH,point
25.375,78.125,423,SHIVPURI,23,MADHYA PRADESH,point
25.375,78.375,166,JHANSI,9,UTTAR PRADESH,point
25.375,78.625,753,NIWARI,23,MADHYA PRADESH,point
25.375,78.875,166,JHANSI,9,UTTAR PRADESH,point
25.375,79.125,166,JHANSI,9,UTTAR PRADESH,point
25.375,79.375,169,MAHOBA,9,UTTAR PRADESH,point
25.375,79.625,169,MAHOBA,9,UTTAR PRADESH,point
25.375,79.875,169,MAHOBA,9,UTTAR PRADESH,point
25.375,80.125,170,BANDA,9,UTTAR PRADESH,point
25.375,80.375,170,BANDA,9,UTTAR PRADESH,point
25.375,80.625,170,BANDA,9,UTTAR PRADESH,point
25.375,80.875,171,CHITRAKOOT,9,UTTAR PRADESH,point
25.375,81.125,171,CHITRAKOOT,9,UTTAR PRADESH,point
25.375,81.375,174,KAUSHAMBI,9,UTTAR PRADESH,point
25.375,81.625,174,KAUSHAMBI,9,UTTAR PRADESH,point
25.375,81.875,175,PRAYAGRAJ,9,UTTAR PRADESH,point
25.375,82.125,175,PRAYAGRAJ,9,UTTAR PRADESH,point
25.375,82.375,198,BHADOHI,9,UTTAR PRADESH,point
25.375,82.625,198,BHADOHI,9,UTTAR PRADESH,point
25.375,82.875,197,VARANASI,9,UTTAR PRADESH,point
25.375,83.125,197,VARANASI,9,UTTAR PRADESH,point
25.375,83.375,196,CHANDAULI,9,UTTAR PRADESH,point
25.375,83.625,195,GHAZIPUR,9,UTTAR PRADESH,point
25.375,83.875,232,Buxar,10,BIHAR,point
25.375,84.125,232,Buxar,10,BIHAR,point
25.375,84.375,231,Bhojpur,10,BIHAR,point
25.375,84.625,231,Bhojpur,10,BIHAR,point
25.375,84.875,230,Patna,10,BIHAR,point
25.375,85.125,230,Patna,10,BIHAR,point
25.375,85.375,229,Nalanda,10,BIHAR,point
25.375,85.625,229,Nalanda,10,BIHAR,point
25.375,85.875,230,Patna,10,BIHAR,point
25.375,86.125,222,Begusarai,10,BIHAR,point
25.375,86.375,222,Begusarai,10,BIHAR,point
25.375,86.625,226,Munger,10,BIHAR,point
25.375,86.875,224,Bhagalpur,10,BIHAR,point
25.375,87.125,224,Bhagalpur,10,BIHAR,point
25.375,87.375,224,Bhagalpur,10,BIHAR,point
25.375,87.625,212,Katihar,10,BIHAR,point
25.375,87.875,332,MALDAH,19,WEST BENGAL,point
25.375,88.125,330,UTTAR DINAJPUR,19,WEST BENGAL,point
25.375,88.375,331,DAKSHIN DINAJPUR,19,WEST BENGAL,point
25.375,88.625,331,DAKSHIN DINAJPUR,19,WEST BENGAL,point
25.375,88.875,331,DAKSHIN DINAJPUR,19,WEST BENGAL,overlap
25.375,89.125,331,DAKSHIN DINAJPUR,19,WEST BENGAL,overlap
25.375,89.875,660,SOUTH WEST GARO HILLS,17,MEGHALAYA,point
25.375,90.125,660,SOUTH WEST GARO HILLS,17,MEGHALAYA,point
25.375,90.375,295,SOUTH GARO HILLS,17,MEGHALAYA,point
25.375,90.625,295,SOUTH GARO HILLS,17,MEGHALAYA,point
25.375,90.875,296,WEST KHASI HILLS,17,MEGHALAYA,point
25.375,91.125,296,WEST KHASI HILLS,17,MEGHALAYA,point
25.375,91.375,668,SOUTH WEST KHASI HILLS,17,MEGHALAYA,point
25.375,91.625,298,EAST KHASI HILLS,17,MEGHALAYA,point
25.375,91.875,298,EAST KHASI HILLS,17,MEGHALAYA,point
25.375,92.125,299,WEST JAINTIA HILLS,17,MEGHALAYA,point
25.375,92.375,666,EAST JAINTIA HILLS,17,MEGHALAYA,point
25.375,92.625,666,EAST JAINTIA HILLS,17,MEGHALAYA,point
25.375,92.875,315,DIMA HASAO,18,ASSAM,point
25.375,93.125,315,DIMA HASAO,18,ASSAM,point
25.375,93.375,315,DIMA HASAO,18,ASSAM,point
25.375,93.625,271,PEREN,13,NAGALAND,point
25.375,93.875,273,TAMENGLONG,14,MANIPUR,point
25.375,94.125,272,SENAPATI,14,MANIPUR,point
25.375,94.375,272,SENAPATI,14,MANIPUR,point
25.375,94.625,279,UKHRUL,14,MANIPUR,point
25.375,94.875,266,PHEK,13,NAGALAND,overlap
25.625,70.375,115,BARMER,8,RAJASTHAN,overlap
25.625,70.625,115,BARMER,8,RAJASTHAN,overlap
25.625,70.875,115,BARMER,8,RAJASTHAN,point
25.625,71.125,115,BARMER,8,RAJASTHAN,point
25.625,71.375,115,BARMER,8,RAJASTHAN,point
25.625,71.625,115,BARMER,8,RAJASTHAN,point
25.625,71.875,785,BALOTRA,8,RAJASTHAN,point
25.625,72.125,785,BALOTRA,8,RAJASTHAN,point
25.625,72.375,785,BALOTRA,8,RAJASTHAN,point
25.625,72.625,785,BALOTRA,8,RAJASTHAN,point
25.625,72.875,116,JALOR,8,RAJASTHAN,point
25.625,73.125,118,PALI,8,RAJASTHAN,point
25.625,73.375,118,PALI,8,RAJASTHAN,point
25.625,73.625,118,PALI,8,RAJASTHAN,point
25.625,73.875,123,RAJSAMAND,8,RAJASTHAN,point
25.625,74.125,122,BHILWARA,8,RAJASTHAN,point
25.625,74.375,122,BHILWARA,8,RAJASTHAN,point
25.625,74.625,122,BHILWARA,8,RAJASTHAN,point
25.625,74.875,122,BHILWARA,8,RAJASTHAN,point
25.625,75.125,122,BHILWARA,8,RAJASTHAN,point
25.625,75.375,122,BHILWARA,8,RAJASTHAN,point
25.625,75.625,121,BUNDI,8,RAJASTHAN,point
25.625,75.875,121,BUNDI,8,RAJASTHAN,point
25.625,76.125,121,BUNDI,8,RAJASTHAN,point
25.625,76.375,127,KOTA,8,RAJASTHAN,point
25.625,76.625,418,SHEOPUR,23,MADHYA PRADESH,point
25.625,76.875,418,SHEOPUR,23,MADHYA PRADESH,point
25.625,77.125,418,SHEOPUR,23,MADHYA PRADESH,point
25.625,77.375,423,SHIVPURI,23,MADHYA PRADESH,point
25.625,77.625,423,SHIVPURI,23,MADHYA PRADESH,point
25.625,77.875,423,SHIVPURI,23,MADHYA PRADESH,point
25.625,78.125,423,SHIVPURI,23,MADHYA PRADESH,point
25.625,78.375,422,DATIA,23,MADHYA PRADESH,point
25.625,78.625,422,DATIA,23,MADHYA PRADESH,point
25.625,78.875,166,JHANSI,9,UTTAR PRADESH,point
25.625,79.125,166,JHANSI,9,UTTAR PRADESH,point
25.625,79.375,168,HAMIRPUR,9,UTTAR PRADESH,point
25.625,79.625,168,HAMIRPUR,9,UTTAR PRADESH,point
25.625,79.875,168,HAMIRPUR,9,UTTAR PRADESH,point
25.625,80.125,168,HAMIRPUR,9,UTTAR PRADESH,point
25.625,80.375,170,BANDA,9,UTTAR PRADESH,point
25.625,80.625,170,BANDA,9,UTTAR PRADESH,point
25.625,80.875,170,BANDA,9,UTTAR PRADESH,point
25.625,81.125,172,FATEHPUR,9,UTTAR PRADESH,point
25.625,81.375,174,KAUSHAMBI,9,UTTAR PRADESH,point
25.625,81.625,175,PRAYAGRAJ,9,UTTAR PRADESH,point
25.625,81.875,175,PRAYAGRAJ,9,UTTAR PRADESH,point
25.625,82.125,175,PRAYAGRAJ,9,UTTAR PRADESH,point
25.625,82.375,194,JAUNPUR,9,UTTAR PRADESH,point
25.625,82.625,194,JAUNPUR,9,UTTAR PRADESH,point
25.625,82.875,194,JAUNPUR,9,UTTAR PRADESH,point
25.625,83.125,195,GHAZIPUR,9,UTTAR PRADESH,point
25.625,83.375,195,GHAZIPUR,9,UTTAR PRADESH,point
25.625,83.625,195,GHAZIPUR,9,UTTAR PRADESH,point
25.625,83.875,195,GHAZIPUR,9,UTTAR PRADESH,point
25.625,84.125,232,Buxar,10,BIHAR,point
25.625,84.375,231,Bhojpur,10,BIHAR,point
25.625,84.625,231,Bhojpur,10,BIHAR,point
25.625,84.875,230,Patna,10,BIHAR,point
25.625,85.125,230,Patna,10,BIHAR,point
25.625,85.375,220,Vaishali,10,BIHAR,point
25.625,85.625,221,Samastipur,10,BIHAR,point
25.625,85.875,222,Begusarai,10,BIHAR,point
25.625,86.125,222,Begusarai,10,BIHAR,point
25.625,86.375,223,Khagaria,10,BIHAR,point
25.625,86.625,223,Khagaria,10,BIHAR,point
25.625,86.875,213,Madhepura,10,BIHAR,point
25.625,87.125,211,Purnia,10,BIHAR,point
25.625,87.375,212,Katihar,10,BIHAR,point
25.625,87.625,212,Katihar,10,BIHAR,point
25.625,87.875,212,Katihar,10,BIHAR,point
25.625,88.125,330,UTTAR DINAJPUR,19,WEST BENGAL,point
25.625,88.375,330,UTTAR DINAJPUR,19,WEST BENGAL,point
25.625,88.625,331,DAKSHIN DINAJPUR,19,WEST BENGAL,overlap
25.625,88.875,331,DAKSHIN DINAJPUR,19,WEST BENGAL,overlap
25.625,89.875,664,"SOUTH SALMARA
",18,ASSAM,overlap
25.625,90.125,293,WEST GARO HILLS,17,MEGHALAYA,point
25.625,90.375,293,WEST GARO HILLS,17,MEGHALAYA,point
25.625,90.625,294,EAST GARO HILLS,17,MEGHALAYA,point
25.625,90.875,294,EAST GARO HILLS,17,MEGHALAYA,point
25.625,91.125,296,WEST KHASI HILLS,17,MEGHALAYA,point
25.625,91.375,296,WEST KHASI HILLS,17,MEGHALAYA,point
25.625,91.625,765,EASTERN WEST KHASI HILLS,17,MEGHALAYA,point
25.625,91.875,298,EAST KHASI HILLS,17,MEGHALAYA,point
25.625,92.125,298,EAST KHASI HILLS,17,MEGHALAYA,point
25.625,92.375,299,WEST JAINTIA HILLS,17,MEGHALAYA,point
25.625,92.625,752,WEST KARBI ANAGLONG,18,ASSAM,point
25.625,92.875,315,DIMA HASAO,18,ASSAM,point
25.625,93.125,315,DIMA HASAO,18,ASSAM,point
25.625,93.375,314,KARBI ANGLONG,18,ASSAM,point
25.625,93.625,271,PEREN,13,NAGALAND,point
25.625,93.875,271,PEREN,13,NAGALAND,point
25.625,94.125,270,KOHIMA,13,NAGALAND,point
25.625,94.375,266,PHEK,13,NAGALAND,point
25.625,94.625,266,PHEK,13,NAGALAND,point
25.625,94.875,269,KIPHIRE,13,NAGALAND,point
25.625,95.125,269,KIPHIRE,13,NAGALAND,overlap
25.875,70.125,115,BARMER,8,RAJASTHAN,overlap
25.875,70.375,115,BARMER,8,RAJASTHAN,point
25.875,70.625,115,BARMER,8,RAJASTHAN,point
25.875,70.875,115,BARMER,8,RAJASTHAN,point
25.875,71.125,115,BARMER,8,RAJASTHAN,point
25.875,71.375,115,BARMER,8,RAJASTHAN,point
25.875,71.625,785,BALOTRA,8,RAJASTHAN,point
25.875,71.875,785,BALOTRA,8,RAJASTHAN,point
25.875,72.125,785,BALOTRA,8,RAJASTHAN,point
25.875,72.375,785,BALOTRA,8,RAJASTHAN,point
25.875,72.625,785,BALOTRA,8,RAJASTHAN,point
25.875,72.875,118,PALI,8,RAJASTHAN,point
25.875,73.125,118,PALI,8,RAJASTHAN,point
25.875,73.375,118,PALI,8,RAJASTHAN,point
25.875,73.625,118,PALI,8,RAJASTHAN,point
25.875,73.875,118,PALI,8,RAJASTHAN,point
25.875,74.125,779,BEAWAR,8,RAJASTHAN,point
25.875,74.375,122,BHILWARA,8,RAJASTHAN,point
25.875,74.625,122,BHILWARA,8,RAJASTHAN,point
25.875,74.875,122,BHILWARA,8,RAJASTHAN,point
25.875,75.125,119,AJMER,8,RAJASTHAN,point
25.875,75.375,120,TONK,8,RAJASTHAN,point
25.875,75.625,120,TONK,8,RAJASTHAN,point
25.875,75.875,120,TONK,8,RAJASTHAN,point
25.875,76.125,120,TONK,8,RAJASTHAN,point
25.875,76.375,108,SAWAI MADHOPUR,8,RAJASTHAN,point
25.875,76.625,108,SAWAI MADHOPUR,8,RAJASTHAN,point
25.875,76.875,418,SHEOPUR,23,MADHYA PRADESH,point
25.875,77.125,418,SHEOPUR,23,MADHYA PRADESH,point
25.875,77.375,418,SHEOPUR,23,MADHYA PRADESH,point
25.875,77.625,418,SHEOPUR,23,MADHYA PRADESH,point
25.875,77.875,421,GWALIOR,23,MADHYA PRADESH,point
25.875,78.125,421,GWALIOR,23,MADHYA PRADESH,point
25.875,78.375,421,GWALIOR,23,MADHYA PRADESH,point
25.875,78.625,422,DATIA,23,MADHYA PRADESH,point
25.875,78.875,166,JHANSI,9,UTTAR PRADESH,point
25.875,79.125,165,JALAUN,9,UTTAR PRADESH,point
25.875,79.375,165,JALAUN,9,UTTAR PRADESH,point
25.875,79.625,168,HAMIRPUR,9,UTTAR PRADESH,point
25.875,79.875,168,HAMIRPUR,9,UTTAR PRADESH,point
25.875,80.125,168,HAMIRPUR,9,UTTAR PRADESH,point
25.875,80.375,170,BANDA,9,UTTAR PRADESH,point
25.875,80.625,172,FATEHPUR,9,UTTAR PRADESH,point
25.875,80.875,172,FATEHPUR,9,UTTAR PRADESH,point
25.875,81.125,172,FATEHPUR,9,UTTAR PRADESH,point
25.875,81.375,173,PRATAPGARH,9,UTTAR PRADESH,point
25.875,81.625,173,PRATAPGARH,9,UTTAR PRADESH,point
25.875,81.875,173,PRATAPGARH,9,UTTAR PRADESH,point
25.875,82.125,173,PRATAPGARH,9,UTTAR PRADESH,point
25.875,82.375,194,JAUNPUR,9,UTTAR PRADESH,point
25.875,82.625,194,JAUNPUR,9,UTTAR PRADESH,point
25.875,82.875,191,AZAMGARH,9,UTTAR PRADESH,point
25.875,83.125,191,AZAMGARH,9,UTTAR PRADESH,point
25.875,83.375,192,MAU,9,UTTAR PRADESH,point
25.875,83.625,192,MAU,9,UTTAR PRADESH,point
25.875,83.875,193,BALLIA,9,UTTAR PRADESH,point
25.875,84.125,193,BALLIA,9,UTTAR PRADESH,point
25.875,84.375,193,BALLIA,9,UTTAR PRADESH,point
25.875,84.625,219,Saran,10,BIHAR,point
25.875,84.875,219,Saran,10,BIHAR,point
25.875,85.125,220,Vaishali,10,BIHAR,point
25.875,85.375,220,Vaishali,10,BIHAR,point
25.875,85.625,221,Samastipur,10,BIHAR,point
25.875,85.875,221,Samastipur,10,BIHAR,point
25.875,86.125,221,Samastipur,10,BIHAR,point
25.875,86.375,214,Saharsa,10,BIHAR,point
25.875,86.625,214,Saharsa,10,BIHAR,point
25.875,86.875,213,Madhepura,10,BIHAR,point
25.875,87.125,211,Purnia,10,BIHAR,point
25.875,87.375,211,Purnia,10,BIHAR,point
25.875,87.625,211,Purnia,10,BIHAR,point
25.875,87.875,330,UTTAR DINAJPUR,19,WEST BENGAL,point
25.875,88.125,330,UTTAR DINAJPUR,19,WEST BENGAL,overlap
25.875,88.375,330,UTTAR DINAJPUR,19,WEST BENGAL,overlap
25.875,89.375,329,KOCH BIHAR,19,WEST BENGAL,overlap
25.875,89.625,329,KOCH BIHAR,19,WEST BENGAL,overlap
25.875,89.875,301,DHUBRI,18,ASSAM,point
25.875,90.125,293,WEST GARO HILLS,17,MEGHALAYA,point
25.875,90.375,293,WEST GARO HILLS,17,MEGHALAYA,point
25.875,90.625,674,NORTH GARO HILLS,17,MEGHALAYA,point
25.875,90.875,674,NORTH GARO HILLS,17,MEGHALAYA,point
25.875,91.125,321,KAMRUP RURAL,18,ASSAM,point
25.875,91.375,321,KAMRUP RURAL,18,ASSAM,point
25.875,91.625,297,RI-BHOI,17,MEGHALAYA,point
25.875,91.875,297,RI-BHOI,17,MEGHALAYA,point
25.875,92.125,297,RI-BHOI,17,MEGHALAYA,point
25.875,92.375,752,WEST KARBI ANAGLONG,18,ASSAM,point
25.875,92.625,752,WEST KARBI ANAGLONG,18,ASSAM,point
25.875,92.875,720,HOJAI,18,ASSAM,point
25.875,93.125,720,HOJAI,18,ASSAM,point
25.875,93.375,314,KARBI ANGLONG,18,ASSAM,point
25.875,93.625,314,KARBI ANGLONG,18,ASSAM,point
25.875,93.875,313,GOLAGHAT,18,ASSAM,point
25.875,94.125,270,KOHIMA,13,NAGALAND,point
25.875,94.375,263,ZUNHEBOTO,13,NAGALAND,point
25.875,94.625,269,KIPHIRE,13,NAGALAND,point
25.875,94.875,269,KIPHIRE,13,NAGALAND,point
25.875,95.125,708,NOKLAK,13,NAGALAND,overlap
26.125,70.125,115,BARMER,8,RAJASTHAN,point
26.125,70.375,115,BARMER,8,RAJASTHAN,point
26.125,70.625,115,BARMER,8,RAJASTHAN,point
26.125,70.875,114,JAISALMER,8,RAJASTHAN,point
26.125,71.125,115,BARMER,8,RAJASTHAN,point
26.125,71.375,115,BARMER,8,RAJASTHAN,point
26.125,71.625,115,BARMER,8,RAJASTHAN,point
26.125,71.875,785,BALOTRA,8,RAJASTHAN,point
26.125,72.125,785,BALOTRA,8,RAJASTHAN,point
26.125,72.375,785,BALOTRA,8,RAJASTHAN,point
26.125,72.625,785,BALOTRA,8,RAJASTHAN,point
26.125,72.875,113,JODHPUR,8,RAJASTHAN,point
26.125,73.125,113,JODHPUR,8,RAJASTHAN,point
26.125,73.375,118,PALI,8,RAJASTHAN,point
26.125,73.625,118,PALI,8,RAJASTHAN,point
26.125,73.875,779,BEAWAR,8,RAJASTHAN,point
26.125,74.125,779,BEAWAR,8,RAJASTHAN,point
26.125,74.375,779,BEAWAR,8,RAJASTHAN,point
26.125,74.625,779,BEAWAR,8,RAJASTHAN,point
26.125,74.875,119,AJMER,8,RAJASTHAN,point
26.125,75.125,119,AJMER,8,RAJASTHAN,point
26.125,75.375,120,TONK,8,RAJASTHAN,point
26.125,75.625,120,TONK,8,RAJASTHAN,point
26.125,75.875,120,TONK,8,RAJASTHAN,point
26.125,76.125,108,SAWAI MADHOPUR,8,RAJASTHAN,point
26.125,76.375,108,SAWAI MADHOPUR,8,RAJASTHAN,point
26.125,76.625,108,SAWAI MADHOPUR,8,RAJASTHAN,point
26.125,76.875,107,KARAULI,8,RAJASTHAN,point
26.125,77.125,418,SHEOPUR,23,MADHYA PRADESH,point
26.125,77.375,418,SHEOPUR,23,MADHYA PRADESH,point
26.125,77.625,419,MORENA,23,MADHYA PRADESH,point
26.125,77.875,421,GWALIOR,23,MADHYA PRADESH,point
26.125,78.125,421,GWALIOR,23,MADHYA PRADESH,point
26.125,78.375,421,GWALIOR,23,MADHYA PRADESH,point
26.125,78.625,422,DATIA,23,MADHYA PRADESH,point
26.125,78.875,420,BHIND,23,MADHYA PRADESH,point
26.125,79.125,165,JALAUN,9,UTTAR PRADESH,point
26.125,79.375,165,JALAUN,9,UTTAR PRADESH,point
26.125,79.625,165,JALAUN,9,UTTAR PRADESH,point
26.125,79.875,163,KANPUR DEHAT,9,UTTAR PRADESH,point
26.125,80.125,164,KANPUR NAGAR,9,UTTAR PRADESH,point
26.125,80.375,172,FATEHPUR,9,UTTAR PRADESH,point
26.125,80.625,172,FATEHPUR,9,UTTAR PRADESH,point
26.125,80.875,158,RAE BARELI,9,UTTAR PRADESH,point
26.125,81.125,158,RAE BARELI,9,UTTAR PRADESH,point
26.125,81.375,158,RAE BARELI,9,UTTAR PRADESH,point
26.125,81.625,173,PRATAPGARH,9,UTTAR PRADESH,point
26.125,81.875,661,AMETHI,9,UTTAR PRADESH,point
26.125,82.125,179,SULTANPUR,9,UTTAR PRADESH,point
26.125,82.375,179,SULTANPUR,9,UTTAR PRADESH,point
26.125,82.625,194,JAUNPUR,9,UTTAR PRADESH,point
26.125,82.875,191,AZAMGARH,9,UTTAR PRADESH,point
26.125,83.125,191,AZAMGARH,9,UTTAR PRADESH,point
26.125,83.375,191,AZAMGARH,9,UTTAR PRADESH,point
26.125,83.625,192,MAU,9,UTTAR PRADESH,point
26.125,83.875,193,BALLIA,9,UTTAR PRADESH,point
26.125,84.125,218,Siwan,10,BIHAR,point
26.125,84.375,218,Siwan,10,BIHAR,point
26.125,84.625,218,Siwan,10,BIHAR,point
26.125,84.875,219,Saran,10,BIHAR,point
26.125,85.125,216,Muzaffarpur,10,BIHAR,point
26.125,85.375,216,Muzaffarpur,10,BIHAR,point
26.125,85.625,216,Muzaffarpur,10,BIHAR,point
26.125,85.875,215,Darbhanga,10,BIHAR,point
26.125,86.125,215,Darbhanga,10,BIHAR,point
26.125,86.375,207,Madhubani,10,BIHAR,point
26.125,86.625,208,Supaul,10,BIHAR,point
26.125,86.875,208,Supaul,10,BIHAR,point
26.125,87.125,209,Araria,10,BIHAR,point
26.125,87.375,209,Araria,10,BIHAR,point
26.125,87.625,209,Araria,10,BIHAR,point
26.125,87.875,210,Kishanganj,10,BIHAR,point
26.125,88.125,330,UTTAR DINAJPUR,19,WEST BENGAL,point
26.125,88.375,330,UTTAR DINAJPUR,19,WEST BENGAL,overlap
26.125,88.875,329,KOCH BIHAR,19,WEST BENGAL,overlap
26.125,89.125,329,KOCH BIHAR,19,WEST BENGAL,overlap
26.125,89.375,329,KOCH BIHAR,19,WEST BENGAL,point
26.125,89.625,329,KOCH BIHAR,19,WEST BENGAL,point
26.125,89.875,301,DHUBRI,18,ASSAM,point
26.125,90.125,301,DHUBRI,18,ASSAM,point
26.125,90.375,302,GOALPARA,18,ASSAM,point
26.125,90.625,302,GOALPARA,18,ASSAM,point
26.125,90.875,303,BARPETA,18,ASSAM,point
26.125,91.125,321,KAMRUP RURAL,18,ASSAM,point
26.125,91.375,321,KAMRUP RURAL,18,ASSAM,point
26.125,91.625,322,KAMRUP METRO,18,ASSAM,point
26.125,91.875,322,KAMRUP METRO,18,ASSAM,point
26.125,92.125,322,KAMRUP METRO,18,ASSAM,point
26.125,92.375,304,MARIGAON,18,ASSAM,point
26.125,92.625,305,NAGAON,18,ASSAM,point
26.125,92.875,720,HOJAI,18,ASSAM,point
26.125,93.125,314,KARBI ANGLONG,18,ASSAM,point
26.125,93.375,314,KARBI ANGLONG,18,ASSAM,point
26.125,93.625,314,KARBI ANGLONG,18,ASSAM,point
26.125,93.875,313,GOLAGHAT,18,ASSAM,point
26.125,94.125,264,WOKHA,13,NAGALAND,point
26.125,94.375,264,WOKHA,13,NAGALAND,point
26.125,94.625,263,ZUNHEBOTO,13,NAGALAND,point
26.125,94.875,712,SHAMATOR,13,NAGALAND,point
26.125,95.125,708,NOKLAK,13,NAGALAND,overlap
26.375,70.125,114,JAISALMER,8,RAJASTHAN,overlap
26.375,70.375,114,JAISALMER,8,RAJASTHAN,point
26.375,70.625,114,JAISALMER,8,RAJASTHAN,point
26.375,70.875,114,JAISALMER,8,RAJASTHAN,point
26.375,71.125,114,JAISALMER,8,RAJASTHAN,point
26.375,71.375,115,BARMER,8,RAJASTHAN,point
26.375,71.625,115,BARMER,8,RAJASTHAN,point
26.375,71.875,114,JAISALMER,8,RAJASTHAN,point
26.375,72.125,113,JODHPUR,8,RAJASTHAN,point
26.375,72.375,113,JODHPUR,8,RAJASTHAN,point
26.375,72.625,113,JODHPUR,8,RAJASTHAN,point
26.375,72.875,113,JODHPUR,8,RAJASTHAN,point
26.375,73.125,113,JODHPUR,8,RAJASTHAN,point
26.375,73.375,113,JODHPUR,8,RAJASTHAN,point
26.375,73.625,113,JODHPUR,8,RAJASTHAN,point
26.375,73.875,779,BEAWAR,8,RAJASTHAN,point
26.375,74.125,779,BEAWAR,8,RAJASTHAN,point
26.375,74.375,119,AJMER,8,RAJASTHAN,point
26.375,74.625,119,AJMER,8,RAJASTHAN,point
26.375,74.875,119,AJMER,8,RAJASTHAN,point
26.375,75.125,119,AJMER,8,RAJASTHAN,point
26.375,75.375,120,TONK,8,RAJASTHAN,point
26.375,75.625,120,TONK,8,RAJASTHAN,point
26.375,75.875,120,TONK,8,RAJASTHAN,point
26.375,76.125,120,TONK,8,RAJASTHAN,point
26.375,76.375,108,SAWAI MADHOPUR,8,RAJASTHAN,point
26.375,76.625,108,SAWAI MADHOPUR,8,RAJASTHAN,point
26.375,76.875,107,KARAULI,8,RAJASTHAN,point
26.375,77.125,107,KARAULI,8,RAJASTHAN,point
26.375,77.375,106,DHAULPUR,8,RAJASTHAN,point
26.375,77.625,419,MORENA,23,MADHYA PRADESH,point
26.375,77.875,419,MORENA,23,MADHYA PRADESH,point
26.375,78.125,419,MORENA,23,MADHYA PRADESH,point
26.375,78.375,420,BHIND,23,MADHYA PRADESH,point
26.375,78.625,420,BHIND,23,MADHYA PRADESH,point
26.375,78.875,420,BHIND,23,MADHYA PRADESH,point
26.375,79.125,165,JALAUN,9,UTTAR PRADESH,point
26.375,79.375,165,JALAUN,9,UTTAR PRADESH,point
26.375,79.625,163,KANPUR DEHAT,9,UTTAR PRADESH,point
26.375,79.875,163,KANPUR DEHAT,9,UTTAR PRADESH,point
26.375,80.125,163,KANPUR DEHAT,9,UTTAR PRADESH,point
26.375,80.375,164,KANPUR NAGAR,9,UTTAR PRADESH,point
26.375,80.625,156,UNNAO,9,UTTAR PRADESH,point
26.375,80.875,156,UNNAO,9,UTTAR PRADESH,point
26.375,81.125,158,RAE BARELI,9,UTTAR PRADESH,point
26.375,81.375,158,RAE BARELI,9,UTTAR PRADESH,point
26.375,81.625,661,AMETHI,9,UTTAR PRADESH,point
26.375,81.875,179,SULTANPUR,9,UTTAR PRADESH,point
26.375,82.125,179,SULTANPUR,9,UTTAR PRADESH,point
26.375,82.375,179,SULTANPUR,9,UTTAR PRADESH,point
26.375,82.625,178,AMBEDKAR NAGAR,9,UTTAR PRADESH,point
26.375,82.875,178,AMBEDKAR NAGAR,9,UTTAR PRADESH,point
26.375,83.125,178,AMBEDKAR NAGAR,9,UTTAR PRADESH,point
26.375,83.375,188,GORAKHPUR,9,UTTAR PRADESH,point
26.375,83.625,190,DEORIA,9,UTTAR PRADESH,point
26.375,83.875,190,DEORIA,9,UTTAR PRADESH,point
26.375,84.125,190,DEORIA,9,UTTAR PRADESH,point
26.375,84.375,217,Gopalganj,10,BIHAR,point
26.375,84.625,217,Gopalganj,10,BIHAR,point
26.375,84.875,204,Purba Champaran,10,BIHAR,point
26.375,85.125,204,Purba Champaran,10,BIHAR,point
26.375,85.375,206,Sitamarhi,10,BIHAR,point
26.375,85.625,206,Sitamarhi,10,BIHAR,point
26.375,85.875,207,Madhubani,10,BIHAR,point
26.375,86.125,207,Madhubani,10,BIHAR,point
26.375,86.375,207,Madhubani,10,BIHAR,point
26.375,86.625,207,Madhubani,10,BIHAR,point
26.375,86.875,208,Supaul,10,BIHAR,point
26.375,87.125,209,Araria,10,BIHAR,point
26.375,87.375,209,Araria,10,BIHAR,point
26.375,87.625,209,Araria,10,BIHAR,point
26.375,87.875,210,Kishanganj,10,BIHAR,point
26.375,88.125,210,Kishanganj,10,BIHAR,point
26.375,88.375,330,UTTAR DINAJPUR,19,WEST BENGAL,point
26.375,88.625,328,JALPAIGURI,19,WEST BENGAL,overlap
26.375,88.875,329,KOCH BIHAR,19,WEST BENGAL,point
26.375,89.125,329,KOCH BIHAR,19,WEST BENGAL,point
26.375,89.375,329,KOCH BIHAR,19,WEST BENGAL,point
26.375,89.625,329,KOCH BIHAR,19,WEST BENGAL,point
26.375,89.875,300,"KOKRAJHAR
",18,ASSAM,point
26.375,90.125,300,"KOKRAJHAR
",18,ASSAM,point
26.375,90.375,300,"KOKRAJHAR
",18,ASSAM,point
26.375,90.625,319,BONGAIGAON,18,ASSAM,point
26.375,90.875,303,BARPETA,18,ASSAM,point
26.375,91.125,303,BARPETA,18,ASSAM,point
26.375,91.375,323,NALBARI,18,ASSAM,point
26.375,91.625,321,KAMRUP RURAL,18,ASSAM,point
26.375,91.875,325,DARANG,18,ASSAM,point
26.375,92.125,325,DARANG,18,ASSAM,point
26.375,92.375,304,MARIGAON,18,ASSAM,point
26.375,92.625,305,NAGAON,18,ASSAM,point
26.375,92.875,305,NAGAON,18,ASSAM,point
26.375,93.125,314,KARBI ANGLONG,18,ASSAM,point
26.375,93.375,314,KARBI ANGLONG,18,ASSAM,point
26.375,93.625,314,KARBI ANGLONG,18,ASSAM,point
26.375,93.875,314,KARBI ANGLONG,18,ASSAM,point
26.375,94.125,312,JORHAT,18,ASSAM,point
26.375,94.375,262,MOKOKCHUNG,13,NAGALAND,point
26.375,94.625,262,MOKOKCHUNG,13,NAGALAND,point
26.375,94.875,268,LONGLENG,13,NAGALAND,point
26.375,95.125,261,MON,13,NAGALAND,point
26.625,69.625,114,JAISALMER,8,RAJASTHAN,overlap
26.625,69.875,114,JAISALMER,8,RAJASTHAN,point
26.625,70.125,114,JAISALMER,8,RAJASTHAN,point
26.625,70.375,114,JAISALMER,8,RAJASTHAN,point
26.625,70.625,114,JAISALMER,8,RAJASTHAN,point
26.625,70.875,114,JAISALMER,8,RAJASTHAN,point
26.625,71.125,114,JAISALMER,8,RAJASTHAN,point
26.625,71.375,114,JAISALMER,8,RAJASTHAN,point
26.625,71.625,114,JAISALMER,8,RAJASTHAN,point
26.625,71.875,114,JAISALMER,8,RAJASTHAN,point
26.625,72.125,783,PHALODI,8,RAJASTHAN,point
26.625,72.375,113,JODHPUR,8,RAJASTHAN,point
26.625,72.625,113,JODHPUR,8,RAJASTHAN,point
26.625,72.875,113,JODHPUR,8,RAJASTHAN,point
26.625,73.125,113,JODHPUR,8,RAJASTHAN,point
26.625,73.375,113,JODHPUR,8,RAJASTHAN,point
26.625,73.625,113,JODHPUR,8,RAJASTHAN,point
26.625,73.875,112,NAGAUR,8,RAJASTHAN,point
26.625,74.125,112,NAGAUR,8,RAJASTHAN,point
26.625,74.375,112,NAGAUR,8,RAJASTHAN,point
26.625,74.625,787,DIDWANA-KUCHAMAN,8,RAJASTHAN,point
26.625,74.875,119,AJMER,8,RAJASTHAN,point
26.625,75.125,110,JAIPUR,8,RAJASTHAN,point
26.625,75.375,110,JAIPUR,8,RAJASTHAN,point
26.625,75.625,110,JAIPUR,8,RAJASTHAN,point
26.625,75.875,110,JAIPUR,8,RAJASTHAN,point
26.625,76.125,110,JAIPUR,8,RAJASTHAN,point
26.625,76.375,109,DAUSA,8,RAJASTHAN,point
26.625,76.625,108,SAWAI MADHOPUR,8,RAJASTHAN,point
26.625,76.875,108,SAWAI MADHOPUR,8,RAJASTHAN,point
26.625,77.125,107,KARAULI,8,RAJASTHAN,point
26.625,77.375,107,KARAULI,8,RAJASTHAN,point
26.625,77.625,106,DHAULPUR,8,RAJASTHAN,point
26.625,77.875,106,DHAULPUR,8,RAJASTHAN,point
26.625,78.125,419,MORENA,23,MADHYA PRADESH,point
26.625,78.375,419,MORENA,23,MADHYA PRADESH,point
26.625,78.625,420,BHIND,23,MADHYA PRADESH,point
26.625,78.875,420,BHIND,23,MADHYA PRADESH,point
26.625,79.125,161,ETAWAH,9,UTTAR PRADESH,point
26.625,79.375,162,AURAIYA,9,UTTAR PRADESH,point
26.625,79.625,162,AURAIYA,9,UTTAR PRADESH,point
26.625,79.875,163,KANPUR DEHAT,9,UTTAR PRADESH,point
26.625,80.125,164,KANPUR NAGAR,9,UTTAR PRADESH,point
26.625,80.375,156,UNNAO,9,UTTAR PRADESH,point
26.625,80.625,156,UNNAO,9,UTTAR PRADESH,point
26.625,80.875,157,LUCKNOW,9,UTTAR PRADESH,point
26.625,81.125,157,LUCKNOW,9,UTTAR PRADESH,point
26.625,81.375,176,BARA BANKI,9,UTTAR PRADESH,point
26.625,81.625,661,AMETHI,9,UTTAR PRADESH,point
26.625,81.875,177,AYODHYA,9,UTTAR PRADESH,point
26.625,82.125,177,AYODHYA,9,UTTAR PRADESH,point
26.625,82.375,177,AYODHYA,9,UTTAR PRADESH,point
26.625,82.625,185,BASTI,9,UTTAR PRADESH,point
26.625,82.875,185,BASTI,9,UTTAR PRADESH,point
26.625,83.125,186,SANT KABIR NAGAR,9,UTTAR PRADESH,point
26.625,83.375,188,GORAKHPUR,9,UTTAR PRADESH,point
26.625,83.625,188,GORAKHPUR,9,UTTAR PRADESH,point
26.625,83.875,190,DEORIA,9,UTTAR PRADESH,point
26.625,84.125,217,Gopalganj,10,BIHAR,point
26.625,84.375,189,KUSHINAGAR,9,UTTAR PRADESH,point
26.625,84.625,204,Purba Champaran,10,BIHAR,point
26.625,84.875,204,Purba Champaran,10,BIHAR,point
26.625,85.125,204,Purba Champaran,10,BIHAR,point
26.625,85.375,206,Sitamarhi,10,BIHAR,point
26.625,85.625,206,Sitamarhi,10,BIHAR,point
26.625,85.875,207,Madhubani,10,BIHAR,overlap
26.625,86.125,207,Madhubani,10,BIHAR,point
26.625,86.375,207,Madhubani,10,BIHAR,overlap
26.625,86.625,207,Madhubani,10,BIHAR,overlap
26.625,86.875,208,Supaul,10,BIHAR,overlap
26.625,87.125,208,Supaul,10,BIHAR,overlap
26.625,88.125,327,DARJILING,19,WEST BENGAL,overlap
26.625,88.375,327,DARJILING,19,WEST BENGAL,point
26.625,88.625,328,JALPAIGURI,19,WEST BENGAL,point
26.625,88.875,328,JALPAIGURI,19,WEST BENGAL,point
26.625,89.125,675,ALIPUR DUAR,19,WEST BENGAL,point
26.625,89.375,675,ALIPUR DUAR,19,WEST BENGAL,point
26.625,89.625,675,ALIPUR DUAR,19,WEST BENGAL,point
26.625,89.875,300,"KOKRAJHAR
",18,ASSAM,point
26.625,90.125,300,"KOKRAJHAR
",18,ASSAM,point
26.625,90.375,320,"CHIRANG
",18,ASSAM,point
26.625,90.625,320,"CHIRANG
",18,ASSAM,point
26.625,90.875,320,"CHIRANG
",18,ASSAM,point
26.625,91.125,771,BAJALI,18,ASSAM,point
26.625,91.375,324,"BAKSA
",18,ASSAM,point
26.625,91.625,766,TAMULPUR,18,ASSAM,point
26.625,91.875,326,"UDALGURI
",18,ASSAM,point
26.625,92.125,325,DARANG,18,ASSAM,point
26.625,92.375,326,"UDALGURI
",18,ASSAM,point
26.625,92.625,306,SONITPUR,18,ASSAM,point
26.625,92.875,306,SONITPUR,18,ASSAM,point
26.625,93.125,734,BISWANATH,18,ASSAM,point
26.625,93.375,313,GOLAGHAT,18,ASSAM,point
26.625,93.625,313,GOLAGHAT,18,ASSAM,point
26.625,93.875,313,GOLAGHAT,18,ASSAM,point
26.625,94.125,312,JORHAT,18,ASSAM,point
26.625,94.375,312,JORHAT,18,ASSAM,point
26.625,94.625,262,MOKOKCHUNG,13,NAGALAND,point
26.625,94.875,261,MON,13,NAGALAND,point
26.625,95.125,261,MON,13,NAGALAND,point
26.625,95.375,680,LONGDING,12,ARUNACHAL PRADESH,overlap
26.875,69.375,114,JAISALMER,8,RAJASTHAN,overlap
26.875,69.625,114,JAISALMER,8,RAJASTHAN,point
26.875,69.875,114,JAISALMER,8,RAJASTHAN,point
26.875,70.125,114,JAISALMER,8,RAJASTHAN,point
26.875,70.375,114,JAISALMER,8,RAJASTHAN,point
26.875,70.625,114,JAISALMER,8,RAJASTHAN,point
26.875,70.875,114,JAISALMER,8,RAJASTHAN,point
26.875,71.125,114,JAISALMER,8,RAJASTHAN,point
26.875,71.375,114,JAISALMER,8,RAJASTHAN,point
26.875,71.625,114,JAISALMER,8,RAJASTHAN,point
26.875,71.875,114,JAISALMER,8,RAJASTHAN,point
26.875,72.125,783,PHALODI,8,RAJASTHAN,point
26.875,72.375,783,PHALODI,8,RAJASTHAN,point
26.875,72.625,113,JODHPUR,8,RAJASTHAN,point
26.875,72.875,783,PHALODI,8,RAJASTHAN,point
26.875,73.125,113,JODHPUR,8,RAJASTHAN,point
26.875,73.375,112,NAGAUR,8,RAJASTHAN,point
26.875,73.625,112,NAGAUR,8,RAJASTHAN,point
26.875,73.875,112,NAGAUR,8,RAJASTHAN,point
26.875,74.125,112,NAGAUR,8,RAJASTHAN,point
26.875,74.375,112,NAGAUR,8,RAJASTHAN,point
26.875,74.625,787,DIDWANA-KUCHAMAN,8,RAJASTHAN,point
26.875,74.875,119,AJMER,8,RAJASTHAN,point
26.875,75.125,110,JAIPUR,8,RAJASTHAN,point
26.875,75.375,110,JAIPUR,8,RAJASTHAN,point
26.875,75.625,110,JAIPUR,8,RAJASTHAN,point
26.875,75.875,110,JAIPUR,8,RAJASTHAN,point
26.875,76.125,110,JAIPUR,8,RAJASTHAN,point
26.875,76.375,109,DAUSA,8,RAJASTHAN,point
26.875,76.625,109,DAUSA,8,RAJASTHAN,point
26.875,76.875,107,KARAULI,8,RAJASTHAN,point
26.875,77.125,105,BHARATPUR,8,RAJASTHAN,point
26.875,77.375,105,BHARATPUR,8,RAJASTHAN,point
26.875,77.625,146,AGRA,9,UTTAR PRADESH,point
26.875,77.875,106,DHAULPUR,8,RAJASTHAN,point
26.875,78.125,106,DHAULPUR,8,RAJASTHAN,point
26.875,78.375,146,AGRA,9,UTTAR PRADESH,point
26.875,78.625,146,AGRA,9,UTTAR PRADESH,point
26.875,78.875,161,ETAWAH,9,UTTAR PRADESH,point
26.875,79.125,161,ETAWAH,9,UTTAR PRADESH,point
26.875,79.375,162,AURAIYA,9,UTTAR PRADESH,point
26.875,79.625,162,AURAIYA,9,UTTAR PRADESH,point
26.875,79.875,160,KANNAUJ,9,UTTAR PRADESH,point
26.875,80.125,156,UNNAO,9,UTTAR PRADESH,point
26.875,80.375,156,UNNAO,9,UTTAR PRADESH,point
26.875,80.625,156,UNNAO,9,UTTAR PRADESH,point
26.875,80.875,157,LUCKNOW,9,UTTAR PRADESH,point
26.875,81.125,176,BARA BANKI,9,UTTAR PRADESH,point
26.875,81.375,176,BARA BANKI,9,UTTAR PRADESH,point
26.875,81.625,176,BARA BANKI,9,UTTAR PRADESH,point
26.875,81.875,183,GONDA,9,UTTAR PRADESH,point
26.875,82.125,183,GONDA,9,UTTAR PRADESH,point
26.875,82.375,185,BASTI,9,UTTAR PRADESH,point
26.875,82.625,185,BASTI,9,UTTAR PRADESH,point
26.875,82.875,186,SANT KABIR NAGAR,9,UTTAR PRADESH,point
26.875,83.125,186,SANT KABIR NAGAR,9,UTTAR PRADESH,point
26.875,83.375,188,GORAKHPUR,9,UTTAR PRADESH,point
26.875,83.625,189,KUSHINAGAR,9,UTTAR PRADESH,point
26.875,83.875,189,KUSHINAGAR,9,UTTAR PRADESH,point
26.875,84.125,189,KUSHINAGAR,9,UTTAR PRADESH,point
26.875,84.375,203,Pashchim Champaran,10,BIHAR,point
26.875,84.625,203,Pashchim Champaran,10,BIHAR,point
26.875,84.875,204,Purba Champaran,10,BIHAR,point
26.875,85.125,204,Purba Champaran,10,BIHAR,overlap
26.875,85.375,206,Sitamarhi,10,BIHAR,overlap
26.875,85.625,206,Sitamarhi,10,BIHAR,overlap
26.875,88.125,327,DARJILING,19,WEST BENGAL,overlap
26.875,88.375,327,DARJILING,19,WEST BENGAL,point
26.875,88.625,328,JALPAIGURI,19,WEST BENGAL,point
26.875,88.875,328,JALPAIGURI,19,WEST BENGAL,point
26.875,89.125,328,JALPAIGURI,19,WEST BENGAL,overlap
26.875,89.375,675,ALIPUR DUAR,19,WEST BENGAL,overlap
26.875,89.625,675,ALIPUR DUAR,19,WEST BENGAL,overlap
26.875,90.125,300,"KOKRAJHAR
",18,ASSAM,overlap
26.875,90.375,320,"CHIRANG
",18,ASSAM,point
26.875,90.625,320,"CHIRANG
",18,ASSAM,overlap
26.875,90.875,320,"CHIRANG
",18,ASSAM,overlap
26.875,91.125,324,"BAKSA
",18,ASSAM,overlap
26.875,91.375,324,"BAKSA
",18,ASSAM,overlap
26.875,91.625,766,TAMULPUR,18,ASSAM,overlap
26.875,91.875,326,"UDALGURI
",18,ASSAM,point
26.875,92.125,326,"UDALGURI
",18,ASSAM,point
26.875,92.375,306,SONITPUR,18,ASSAM,point
26.875,92.625,306,SONITPUR,18,ASSAM,point
26.875,92.875,306,SONITPUR,18,ASSAM,point
26.875,93.125,734,BISWANATH,18,ASSAM,point
26.875,93.375,734,BISWANATH,18,ASSAM,point
26.875,93.625,734,BISWANATH,18,ASSAM,point
26.875,93.875,307,LAKHIMPUR,18,ASSAM,point
26.875,94.125,707,MAJULI,18,ASSAM,point
26.875,94.375,312,JORHAT,18,ASSAM,point
26.875,94.625,311,SIBSAGAR,18,ASSAM,point
26.875,94.875,261,MON,13,NAGALAND,point
26.875,95.125,261,MON,13,NAGALAND,point
26.875,95.375,680,LONGDING,12,ARUNACHAL PRADESH,point
26.875,95.625,254,TIRAP,12,ARUNACHAL PRADESH,point
26.875,95.875,253,CHANGLANG,12,ARUNACHAL PRADESH,overlap
27.125,69.625,114,JAISALMER,8,RAJASTHAN,point
27.125,69.875,114,JAISALMER,8,RAJASTHAN,point
27.125,70.125,114,JAISALMER,8,RAJASTHAN,point
27.125,70.375,114,JAISALMER,8,RAJASTHAN,point
27.125,70.625,114,JAISALMER,8,RAJASTHAN,point
27.125,70.875,114,JAISALMER,8,RAJASTHAN,point
27.125,71.125,114,JAISALMER,8,RAJASTHAN,point
27.125,71.375,114,JAISALMER,8,RAJASTHAN,point
27.125,71.625,114,JAISALMER,8,RAJASTHAN,point
27.125,71.875,114,JAISALMER,8,RAJASTHAN,point
27.125,72.125,783,PHALODI,8,RAJASTHAN,point
27.125,72.375,783,PHALODI,8,RAJASTHAN,point
27.125,72.625,783,PHALODI,8,RAJASTHAN,point
27.125,72.875,783,PHALODI,8,RAJASTHAN,point
27.125,73.125,112,NAGAUR,8,RAJASTHAN,point
27.125,73.375,112,NAGAUR,8,RAJASTHAN,point
27.125,73.625,112,NAGAUR,8,RAJASTHAN,point
27.125,73.875,112,NAGAUR,8,RAJASTHAN,point
27.125,74.125,112,NAGAUR,8,RAJASTHAN,point
27.125,74.375,787,DIDWANA-KUCHAMAN,8,RAJASTHAN,point
27.125,74.625,787,DIDWANA-KUCHAMAN,8,RAJASTHAN,point
27.125,74.875,787,DIDWANA-KUCHAMAN,8,RAJASTHAN,point
27.125,75.125,787,DIDWANA-KUCHAMAN,8,RAJASTHAN,point
27.125,75.375,110,JAIPUR,8,RAJASTHAN,point
27.125,75.625,110,JAIPUR,8,RAJASTHAN,point
27.125,75.875,110,JAIPUR,8,RAJASTHAN,point
27.125,76.125,110,JAIPUR,8,RAJASTHAN,point
27.125,76.375,104,ALWAR,8,RAJASTHAN,point
27.125,76.625,104,ALWAR,8,RAJASTHAN,point
27.125,76.875,109,DAUSA,8,RAJASTHAN,point
27.125,77.125,105,BHARATPUR,8,RAJASTHAN,point
27.125,77.375,105,BHARATPUR,8,RAJASTHAN,point
27.125,77.625,146,AGRA,9,UTTAR PRADESH,point
27.125,77.875,146,AGRA,9,UTTAR PRADESH,point
27.125,78.125,146,AGRA,9,UTTAR PRADESH,point
27.125,78.375,147,FIROZABAD,9,UTTAR PRADESH,point
27.125,78.625,147,FIROZABAD,9,UTTAR PRADESH,point
27.125,78.875,148,MAINPURI,9,UTTAR PRADESH,point
27.125,79.125,148,MAINPURI,9,UTTAR PRADESH,point
27.125,79.375,148,MAINPURI,9,UTTAR PRADESH,point
27.125,79.625,160,KANNAUJ,9,UTTAR PRADESH,point
27.125,79.875,160,KANNAUJ,9,UTTAR PRADESH,point
27.125,80.125,155,HARDOI,9,UTTAR PRADESH,point
27.125,80.375,155,HARDOI,9,UTTAR PRADESH,point
27.125,80.625,155,HARDOI,9,UTTAR PRADESH,point
27.125,80.875,157,LUCKNOW,9,UTTAR PRADESH,point
27.125,81.125,176,BARA BANKI,9,UTTAR PRADESH,point
27.125,81.375,176,BARA BANKI,9,UTTAR PRADESH,point
27.125,81.625,183,GONDA,9,UTTAR PRADESH,point
27.125,81.875,183,GONDA,9,UTTAR PRADESH,point
27.125,82.125,183,GONDA,9,UTTAR PRADESH,point
27.125,82.375,182,BALRAMPUR,9,UTTAR PRADESH,point
27.125,82.625,184,SIDDHARTHNAGAR,9,UTTAR PRADESH,point
27.125,82.875,184,SIDDHARTHNAGAR,9,UTTAR PRADESH,point
27.125,83.125,184,SIDDHARTHNAGAR,9,UTTAR PRADESH,point
27.125,83.375,187,MAHRAJGANJ,9,UTTAR PRADESH,point
27.125,83.625,187,MAHRAJGANJ,9,UTTAR PRADESH,point
27.125,83.875,189,KUSHINAGAR,9,UTTAR PRADESH,point
27.125,84.125,203,Pashchim Champaran,10,BIHAR,point
27.125,84.375,203,Pashchim Champaran,10,BIHAR,point
27.125,84.625,203,Pashchim Champaran,10,BIHAR,point
27.125,84.875,204,Purba Champaran,10,BIHAR,overlap
27.125,87.875,327,DARJILING,19,WEST BENGAL,overlap
27.125,88.125,701,SORENG,11,SIKKIM,point
27.125,88.375,243,NAMCHI,11,SIKKIM,point
27.125,88.625,716,KALIMPONG,19,WEST BENGAL,point
27.125,88.875,716,KALIMPONG,19,WEST BENGAL,overlap
27.125,92.125,246,WEST KAMENG,12,ARUNACHAL PRADESH,point
27.125,92.375,246,WEST KAMENG,12,ARUNACHAL PRADESH,point
27.125,92.625,726,PAKKE KESSANG,12,ARUNACHAL PRADESH,point
27.125,92.875,726,PAKKE KESSANG,12,ARUNACHAL PRADESH,point
27.125,93.125,726,PAKKE KESSANG,12,ARUNACHAL PRADESH,point
27.125,93.375,248,PAPUMPARE,12,ARUNACHAL PRADESH,point
27.125,93.625,248,PAPUMPARE,12,ARUNACHAL PRADESH,point
27.125,93.875,307,LAKHIMPUR,18,ASSAM,point
27.125,94.125,307,LAKHIMPUR,18,ASSAM,point
27.125,94.375,307,LAKHIMPUR,18,ASSAM,point
27.125,94.625,311,SIBSAGAR,18,ASSAM,point
27.125,94.875,704,CHARAIDEO,18,ASSAM,point
27.125,95.125,704,CHARAIDEO,18,ASSAM,point
27.125,95.375,310,DIBRUGARH,18,ASSAM,point
27.125,95.625,253,CHANGLANG,12,ARUNACHAL PRADESH,point
27.125,95.875,253,CHANGLANG,12,ARUNACHAL PRADESH,point
27.125,96.125,253,CHANGLANG,12,ARUNACHAL PRADESH,overlap
27.125,96.875,253,CHANGLANG,12,ARUNACHAL PRADESH,overlap
27.125,97.125,253,CHANGLANG,12,ARUNACHAL PRADESH,point
27.375,69.625,114,JAISALMER,8,RAJASTHAN,overlap
27.375,69.875,114,JAISALMER,8,RAJASTHAN,point
27.375,70.125,114,JAISALMER,8,RAJASTHAN,point
27.375,70.375,114,JAISALMER,8,RAJASTHAN,point
27.375,70.625,114,JAISALMER,8,RAJASTHAN,point
27.375,70.875,114,JAISALMER,8,RAJASTHAN,point
27.375,71.125,114,JAISALMER,8,RAJASTHAN,point
27.375,71.375,114,JAISALMER,8,RAJASTHAN,point
27.375,71.625,114,JAISALMER,8,RAJASTHAN,point
27.375,71.875,783,PHALODI,8,RAJASTHAN,point
27.375,72.125,783,PHALODI,8,RAJASTHAN,point
27.375,72.375,783,PHALODI,8,RAJASTHAN,point
27.375,72.625,783,PHALODI,8,RAJASTHAN,point
27.375,72.875,783,PHALODI,8,RAJASTHAN,point
27.375,73.125,783,PHALODI,8,RAJASTHAN,point
27.375,73.375,101,BIKANER,8,RAJASTHAN,point
27.375,73.625,112,NAGAUR,8,RAJASTHAN,point
27.375,73.875,112,NAGAUR,8,RAJASTHAN,point
27.375,74.125,112,NAGAUR,8,RAJASTHAN,point
27.375,74.375,787,DIDWANA-KUCHAMAN,8,RAJASTHAN,point
27.375,74.625,787,DIDWANA-KUCHAMAN,8,RAJASTHAN,point
27.375,74.875,111,SIKAR,8,RAJASTHAN,point
27.375,75.125,111,SIKAR,8,RAJASTHAN,point
27.375,75.375,111,SIKAR,8,RAJASTHAN,point
27.375,75.625,111,SIKAR,8,RAJASTHAN,point
27.375,75.875,110,JAIPUR,8,RAJASTHAN,point
27.375,76.125,780,KOTPUTLI-BEHROR,8,RAJASTHAN,point
27.375,76.375,104,ALWAR,8,RAJASTHAN,point
27.375,76.625,104,ALWAR,8,RAJASTHAN,point
27.375,76.875,104,ALWAR,8,RAJASTHAN,point
27.375,77.125,774,DEEG,8,RAJASTHAN,point
27.375,77.375,774,DEEG,8,RAJASTHAN,point
27.375,77.625,145,MATHURA,9,UTTAR PRADESH,point
27.375,77.875,145,MATHURA,9,UTTAR PRADESH,point
27.375,78.125,144,HATHRAS,9,UTTAR PRADESH,point
27.375,78.375,201,ETAH,9,UTTAR PRADESH,point
27.375,78.625,147,FIROZABAD,9,UTTAR PRADESH,point
27.375,78.875,148,MAINPURI,9,UTTAR PRADESH,point
27.375,79.125,148,MAINPURI,9,UTTAR PRADESH,point
27.375,79.375,159,FARRUKHABAD,9,UTTAR PRADESH,point
27.375,79.625,159,FARRUKHABAD,9,UTTAR PRADESH,point
27.375,79.875,155,HARDOI,9,UTTAR PRADESH,point
27.375,80.125,155,HARDOI,9,UTTAR PRADESH,point
27.375,80.375,155,HARDOI,9,UTTAR PRADESH,point
27.375,80.625,154,SITAPUR,9,UTTAR PRADESH,point
27.375,80.875,154,SITAPUR,9,UTTAR PRADESH,point
27.375,81.125,154,SITAPUR,9,UTTAR PRADESH,point
27.375,81.375,154,SITAPUR,9,UTTAR PRADESH,point
27.375,81.625,180,BAHRAICH,9,UTTAR PRADESH,point
27.375,81.875,180,BAHRAICH,9,UTTAR PRADESH,point
27.375,82.125,182,BALRAMPUR,9,UTTAR PRADESH,point
27.375,82.375,182,BALRAMPUR,9,UTTAR PRADESH,point
27.375,82.625,184,SIDDHARTHNAGAR,9,UTTAR PRADESH,point
27.375,82.875,184,SIDDHARTHNAGAR,9,UTTAR PRADESH,point
27.375,83.125,184,SIDDHARTHNAGAR,9,UTTAR PRADESH,point
27.375,83.375,187,MAHRAJGANJ,9,UTTAR PRADESH,overlap
27.375,83.625,187,MAHRAJGANJ,9,UTTAR PRADESH,point
27.375,83.875,203,Pashchim Champaran,10,BIHAR,overlap
27.375,84.125,203,Pashchim Champaran,10,BIHAR,point
27.375,84.375,203,Pashchim Champaran,10,BIHAR,point
27.375,84.625,203,Pashchim Champaran,10,BIHAR,overlap
27.375,88.125,242,GYALSHING,11,SIKKIM,point
27.375,88.375,243,NAMCHI,11,SIKKIM,point
27.375,88.625,244,GANGTOK,11,SIKKIM,point
27.375,88.875,244,GANGTOK,11,SIKKIM,overlap
27.375,91.625,245,TAWANG,12,ARUNACHAL PRADESH,overlap
27.375,91.875,245,TAWANG,12,ARUNACHAL PRADESH,overlap
27.375,92.125,246,WEST KAMENG,12,ARUNACHAL PRADESH,point
27.375,92.375,246,WEST KAMENG,12,ARUNACHAL PRADESH,point
27.375,92.625,788,BICHOM,12,ARUNACHAL PRADESH,point
27.375,92.875,247,EAST KAMENG,12,ARUNACHAL PRADESH,point
27.375,93.125,247,EAST KAMENG,12,ARUNACHAL PRADESH,point
27.375,93.375,248,PAPUMPARE,12,ARUNACHAL PRADESH,point
27.375,93.625,789,KEYI PANYOR,12,ARUNACHAL PRADESH,point
27.375,93.875,248,PAPUMPARE,12,ARUNACHAL PRADESH,point
27.375,94.125,307,LAKHIMPUR,18,ASSAM,point
27.375,94.375,308,DHEMAJI,18,ASSAM,point
27.375,94.625,308,DHEMAJI,18,ASSAM,point
27.375,94.875,310,DIBRUGARH,18,ASSAM,point
27.375,95.125,310,DIBRUGARH,18,ASSAM,point
27.375,95.375,310,DIBRUGARH,18,ASSAM,point
27.375,95.625,309,TINSUKIA,18,ASSAM,point
27.375,95.875,309,TINSUKIA,18,ASSAM,point
27.375,96.125,253,CHANGLANG,12,ARUNACHAL PRADESH,point
27.375,96.375,253,CHANGLANG,12,ARUNACHAL PRADESH,point
27.375,96.625,253,CHANGLANG,12,ARUNACHAL PRADESH,point
27.375,96.875,253,CHANGLANG,12,ARUNACHAL PRADESH,point
27.375,97.125,253,CHANGLANG,12,ARUNACHAL PRADESH,overlap
27.625,69.875,114,JAISALMER,8,RAJASTHAN,overlap
27.625,70.125,114,JAISALMER,8,RAJASTHAN,point
27.625,70.375,114,JAISALMER,8,RAJASTHAN,point
27.625,70.625,114,JAISALMER,8,RAJASTHAN,point
27.625,70.875,114,JAISALMER,8,RAJASTHAN,point
27.625,71.125,114,JAISALMER,8,RAJASTHAN,point
27.625,71.375,114,JAISALMER,8,RAJASTHAN,point
27.625,71.625,114,JAISALMER,8,RAJASTHAN,point
27.625,71.875,114,JAISALMER,8,RAJASTHAN,point
27.625,72.125,783,PHALODI,8,RAJASTHAN,point
27.625,72.375,101,BIKANER,8,RAJASTHAN,point
27.625,72.625,101,BIKANER,8,RAJASTHAN,point
27.625,72.875,101,BIKANER,8,RAJASTHAN,point
27.625,73.125,101,BIKANER,8,RAJASTHAN,point
27.625,73.375,101,BIKANER,8,RAJASTHAN,point
27.625,73.625,101,BIKANER,8,RAJASTHAN,point
27.625,73.875,101,BIKANER,8,RAJASTHAN,point
27.625,74.125,102,CHURU,8,RAJASTHAN,point
27.625,74.375,787,DIDWANA-KUCHAMAN,8,RAJASTHAN,point
27.625,74.625,787,DIDWANA-KUCHAMAN,8,RAJASTHAN,point
27.625,74.875,111,SIKAR,8,RAJASTHAN,point
27.625,75.125,111,SIKAR,8,RAJASTHAN,point
27.625,75.375,111,SIKAR,8,RAJASTHAN,point
27.625,75.625,111,SIKAR,8,RAJASTHAN,point
27.625,75.875,111,SIKAR,8,RAJASTHAN,point
27.625,76.125,780,KOTPUTLI-BEHROR,8,RAJASTHAN,point
27.625,76.375,780,KOTPUTLI-BEHROR,8,RAJASTHAN,point
27.625,76.625,104,ALWAR,8,RAJASTHAN,point
27.625,76.875,104,ALWAR,8,RAJASTHAN,point
27.625,77.125,774,DEEG,8,RAJASTHAN,point
27.625,77.375,145,MATHURA,9,UTTAR PRADESH,point
27.625,77.625,145,MATHURA,9,UTTAR PRADESH,point
27.625,77.875,143,ALIGARH,9,UTTAR PRADESH,point
27.625,78.125,144,HATHRAS,9,UTTAR PRADESH,point
27.625,78.375,144,HATHRAS,9,UTTAR PRADESH,point
27.625,78.625,201,ETAH,9,UTTAR PRADESH,point
27.625,78.875,202,KASGANJ,9,UTTAR PRADESH,point
27.625,79.125,202,KASGANJ,9,UTTAR PRADESH,point
27.625,79.375,159,FARRUKHABAD,9,UTTAR PRADESH,point
27.625,79.625,159,FARRUKHABAD,9,UTTAR PRADESH,point
27.625,79.875,155,HARDOI,9,UTTAR PRADESH,point
27.625,80.125,155,HARDOI,9,UTTAR PRADESH,point
27.625,80.375,154,SITAPUR,9,UTTAR PRADESH,point
27.625,80.625,154,SITAPUR,9,UTTAR PRADESH,point
27.625,80.875,154,SITAPUR,9,UTTAR PRADESH,point
27.625,81.125,154,SITAPUR,9,UTTAR PRADESH,point
27.625,81.375,180,BAHRAICH,9,UTTAR PRADESH,point
27.625,81.625,180,BAHRAICH,9,UTTAR PRADESH,point
27.625,81.875,181,SHRAWASTI,9,UTTAR PRADESH,point
27.625,82.125,182,BALRAMPUR,9,UTTAR PRADESH,point
27.625,82.375,182,BALRAMPUR,9,UTTAR PRADESH,point
27.625,82.625,182,BALRAMPUR,9,UTTAR PRADESH,point
27.625,82.875,184,SIDDHARTHNAGAR,9,UTTAR PRADESH,overlap
27.625,84.125,203,Pashchim Champaran,10,BIHAR,overlap
27.625,88.125,241,MANGAN,11,SIKKIM,point
27.625,88.375,241,MANGAN,11,SIKKIM,point
27.625,88.625,241,MANGAN,11,SIKKIM,point
27.625,88.875,241,MANGAN,11,SIKKIM,overlap
27.625,91.625,245,TAWANG,12,ARUNACHAL PRADESH,point
27.625,91.875,245,TAWANG,12,ARUNACHAL PRADESH,point
27.625,92.125,245,TAWANG,12,ARUNACHAL PRADESH,point
27.625,92.375,246,WEST KAMENG,12,ARUNACHAL PRADESH,point
27.625,92.625,788,BICHOM,12,ARUNACHAL PRADESH,point
27.625,92.875,247,EAST KAMENG,12,ARUNACHAL PRADESH,point
27.625,93.125,247,EAST KAMENG,12,ARUNACHAL PRADESH,point
27.625,93.375,256,KURUNG KUMEY,12,ARUNACHAL PRADESH,point
27.625,93.625,789,KEYI PANYOR,12,ARUNACHAL PRADESH,point
27.625,93.875,255,LOWER SUBANSIRI,12,ARUNACHAL PRADESH,point
27.625,94.125,733,KAMLE,12,ARUNACHAL PRADESH,point
27.625,94.375,723,LOWER SIANG,12,ARUNACHAL PRADESH,point
27.625,94.625,308,DHEMAJI,18,ASSAM,point
27.625,94.875,308,DHEMAJI,18,ASSAM,point
27.625,95.125,310,DIBRUGARH,18,ASSAM,point
27.625,95.375,309,TINSUKIA,18,ASSAM,point
27.625,95.625,309,TINSUKIA,18,ASSAM,point
27.625,95.875,724,NAMSAI,12,ARUNACHAL PRADESH,point
27.625,96.125,724,NAMSAI,12,ARUNACHAL PRADESH,point
27.625,96.375,253,CHANGLANG,12,ARUNACHAL PRADESH,point
27.625,96.625,253,CHANGLANG,12,ARUNACHAL PRADESH,point
27.625,96.875,253,CHANGLANG,12,ARUNACHAL PRADESH,point
27.625,97.125,260,ANJAW,12,ARUNACHAL PRADESH,overlap
27.875,70.125,114,JAISALMER,8,RAJASTHAN,overlap
27.875,70.375,114,JAISALMER,8,RAJASTHAN,point
27.875,70.625,114,JAISALMER,8,RAJASTHAN,point
27.875,71.125,114,JAISALMER,8,RAJASTHAN,overlap
27.875,71.375,114,JAISALMER,8,RAJASTHAN,overlap
27.875,71.625,114,JAISALMER,8,RAJASTHAN,point
27.875,71.875,783,PHALODI,8,RAJASTHAN,point
27.875,72.125,101,BIKANER,8,RAJASTHAN,point
27.875,72.375,101,BIKANER,8,RAJASTHAN,point
27.875,72.625,101,BIKANER,8,RAJASTHAN,point
27.875,72.875,101,BIKANER,8,RAJASTHAN,point
27.875,73.125,101,BIKANER,8,RAJASTHAN,point
27.875,73.375,101,BIKANER,8,RAJASTHAN,point
27.875,73.625,101,BIKANER,8,RAJASTHAN,point
27.875,73.875,101,BIKANER,8,RAJASTHAN,point
27.875,74.125,101,BIKANER,8,RAJASTHAN,point
27.875,74.375,102,CHURU,8,RAJASTHAN,point
27.875,74.625,102,CHURU,8,RAJASTHAN,point
27.875,74.875,111,SIKAR,8,RAJASTHAN,point
27.875,75.125,111,SIKAR,8,RAJASTHAN,point
27.875,75.375,103,JHUNJHUNUN,8,RAJASTHAN,point
27.875,75.625,103,JHUNJHUNUN,8,RAJASTHAN,point
27.875,75.875,111,SIKAR,8,RAJASTHAN,point
27.875,76.125,84,MAHENDRAGARH,6,HARYANA,point
27.875,76.375,780,KOTPUTLI-BEHROR,8,RAJASTHAN,point
27.875,76.625,777,KHAIRTHAL-TIJARA,8,RAJASTHAN,point
27.875,76.875,777,KHAIRTHAL-TIJARA,8,RAJASTHAN,point
27.875,77.125,87,NUH,6,HARYANA,point
27.875,77.375,89,PALWAL,6,HARYANA,point
27.875,77.625,145,MATHURA,9,UTTAR PRADESH,point
27.875,77.875,143,ALIGARH,9,UTTAR PRADESH,point
27.875,78.125,143,ALIGARH,9,UTTAR PRADESH,point
27.875,78.375,143,ALIGARH,9,UTTAR PRADESH,point
27.875,78.625,202,KASGANJ,9,UTTAR PRADESH,point
27.875,78.875,202,KASGANJ,9,UTTAR PRADESH,point
27.875,79.125,149,BUDAUN,9,UTTAR PRADESH,point
27.875,79.375,149,BUDAUN,9,UTTAR PRADESH,point
27.875,79.625,152,SHAHJAHANPUR,9,UTTAR PRADESH,point
27.875,79.875,152,SHAHJAHANPUR,9,UTTAR PRADESH,point
27.875,80.125,153,KHERI,9,UTTAR PRADESH,point
27.875,80.375,153,KHERI,9,UTTAR PRADESH,point
27.875,80.625,153,KHERI,9,UTTAR PRADESH,point
27.875,80.875,153,KHERI,9,UTTAR PRADESH,point
27.875,81.125,153,KHERI,9,UTTAR PRADESH,point
27.875,81.375,180,BAHRAICH,9,UTTAR PRADESH,point
27.875,81.625,180,BAHRAICH,9,UTTAR PRADESH,point
27.875,81.875,181,SHRAWASTI,9,UTTAR PRADESH,overlap
27.875,82.125,181,SHRAWASTI,9,UTTAR PRADESH,overlap
27.875,82.375,182,BALRAMPUR,9,UTTAR PRADESH,overlap
27.875,88.125,241,MANGAN,11,SIKKIM,overlap
27.875,88.375,241,MANGAN,11,SIKKIM,point
27.875,88.625,241,MANGAN,11,SIKKIM,point
27.875,88.875,241,MANGAN,11,SIKKIM,point
27.875,91.625,245,TAWANG,12,ARUNACHAL PRADESH,overlap
27.875,91.875,245,TAWANG,12,ARUNACHAL PRADESH,overlap
27.875,92.125,245,TAWANG,12,ARUNACHAL PRADESH,overlap
27.875,92.375,245,TAWANG,12,ARUNACHAL PRADESH,overlap
27.875,92.625,247,EAST KAMENG,12,ARUNACHAL PRADESH,point
27.875,92.875,247,EAST KAMENG,12,ARUNACHAL PRADESH,point
27.875,93.125,256,KURUNG KUMEY,12,ARUNACHAL PRADESH,point
27.875,93.375,256,KURUNG KUMEY,12,ARUNACHAL PRADESH,point
27.875,93.625,721,KRA DAADI,12,ARUNACHAL PRADESH,point
27.875,93.875,721,KRA DAADI,12,ARUNACHAL PRADESH,point
27.875,94.125,733,KAMLE,12,ARUNACHAL PRADESH,point
27.875,94.375,249,UPPER SUBANSIRI,12,ARUNACHAL PRADESH,point
27.875,94.625,729,LEPA RADA,12,ARUNACHAL PRADESH,point
27.875,94.875,729,LEPA RADA,12,ARUNACHAL PRADESH,point
27.875,95.125,251,EAST SIANG,12,ARUNACHAL PRADESH,point
27.875,95.375,251,EAST SIANG,12,ARUNACHAL PRADESH,point
27.875,95.625,309,TINSUKIA,18,ASSAM,point
27.875,95.875,309,TINSUKIA,18,ASSAM,point
27.875,96.125,259,LOHIT,12,ARUNACHAL PRADESH,point
27.875,96.375,259,LOHIT,12,ARUNACHAL PRADESH,point
27.875,96.625,259,LOHIT,12,ARUNACHAL PRADESH,point
27.875,96.875,260,ANJAW,12,ARUNACHAL PRADESH,point
27.875,97.125,260,ANJAW,12,ARUNACHAL PRADESH,point
27.875,97.375,260,ANJAW,12,ARUNACHAL PRADESH,overlap
28.125,70.375,114,JAISALMER,8,RAJASTHAN,overlap
28.125,70.625,114,JAISALMER,8,RAJASTHAN,overlap
28.125,71.875,101,BIKANER,8,RAJASTHAN,overlap
28.125,72.125,101,BIKANER,8,RAJASTHAN,point
28.125,72.375,101,BIKANER,8,RAJASTHAN,point
28.125,72.625,101,BIKANER,8,RAJASTHAN,point
28.125,72.875,101,BIKANER,8,RAJASTHAN,point
28.125,73.125,101,BIKANER,8,RAJASTHAN,point
28.125,73.375,101,BIKANER,8,RAJASTHAN,point
28.125,73.625,101,BIKANER,8,RAJASTHAN,point
28.125,73.875,101,BIKANER,8,RAJASTHAN,point
28.125,74.125,101,BIKANER,8,RAJASTHAN,point
28.125,74.375,102,CHURU,8,RAJASTHAN,point
28.125,74.625,102,CHURU,8,RAJASTHAN,point
28.125,74.875,111,SIKAR,8,RAJASTHAN,point
28.125,75.125,111,SIKAR,8,RAJASTHAN,point
28.125,75.375,103,JHUNJHUNUN,8,RAJASTHAN,point
28.125,75.625,103,JHUNJHUNUN,8,RAJASTHAN,point
28.125,75.875,103,JHUNJHUNUN,8,RAJASTHAN,point
28.125,76.125,84,MAHENDRAGARH,6,HARYANA,point
28.125,76.375,780,KOTPUTLI-BEHROR,8,RAJASTHAN,point
28.125,76.625,85,REWARI,6,HARYANA,point
28.125,76.875,777,KHAIRTHAL-TIJARA,8,RAJASTHAN,point
28.125,77.125,87,NUH,6,HARYANA,point
28.125,77.375,89,PALWAL,6,HARYANA,point
28.125,77.625,141,GAUTAM BUDDHA NAGAR,9,UTTAR PRADESH,point
28.125,77.875,143,ALIGARH,9,UTTAR PRADESH,point
28.125,78.125,142,BULANDSHAHR,9,UTTAR PRADESH,point
28.125,78.375,142,BULANDSHAHR,9,UTTAR PRADESH,point
28.125,78.625,149,BUDAUN,9,UTTAR PRADESH,point
28.125,78.875,149,BUDAUN,9,UTTAR PRADESH,point
28.125,79.125,149,BUDAUN,9,UTTAR PRADESH,point
28.125,79.375,149,BUDAUN,9,UTTAR PRADESH,point
28.125,79.625,150,BAREILLY,9,UTTAR PRADESH,point
28.125,79.875,152,SHAHJAHANPUR,9,UTTAR PRADESH,point
28.125,80.125,152,SHAHJAHANPUR,9,UTTAR PRADESH,point
28.125,80.375,153,KHERI,9,UTTAR PRADESH,point
28.125,80.625,153,KHERI,9,UTTAR PRADESH,point
28.125,80.875,153,KHERI,9,UTTAR PRADESH,point
28.125,81.125,153,KHERI,9,UTTAR PRADESH,point
28.125,81.375,180,BAHRAICH,9,UTTAR PRADESH,point
28.125,81.625,180,BAHRAICH,9,UTTAR PRADESH,overlap
28.125,88.375,241,MANGAN,11,SIKKIM,overlap
28.125,88.625,241,MANGAN,11,SIKKIM,point
28.125,88.875,241,MANGAN,11,SIKKIM,overlap
28.125,92.625,256,KURUNG KUMEY,12,ARUNACHAL PRADESH,overlap
28.125,92.875,256,KURUNG KUMEY,12,ARUNACHAL PRADESH,point
28.125,93.125,256,KURUNG KUMEY,12,ARUNACHAL PRADESH,point
28.125,93.375,256,KURUNG KUMEY,12,ARUNACHAL PRADESH,point
28.125,93.625,721,KRA DAADI,12,ARUNACHAL PRADESH,point
28.125,93.875,721,KRA DAADI,12,ARUNACHAL PRADESH,point
28.125,94.125,249,UPPER SUBANSIRI,12,ARUNACHAL PRADESH,point
28.125,94.375,249,UPPER SUBANSIRI,12,ARUNACHAL PRADESH,point
28.125,94.625,250,WEST SIANG,12,ARUNACHAL PRADESH,point
28.125,94.875,250,WEST SIANG,12,ARUNACHAL PRADESH,point
28.125,95.125,722,SIANG,12,ARUNACHAL PRADESH,point
28.125,95.375,251,EAST SIANG,12,ARUNACHAL PRADESH,point
28.125,95.625,258,LOWER DIBANG VALLEY,12,ARUNACHAL PRADESH,point
28.125,95.875,258,LOWER DIBANG VALLEY,12,ARUNACHAL PRADESH,point
28.125,96.125,259,LOHIT,12,ARUNACHAL PRADESH,point
28.125,96.375,259,LOHIT,12,ARUNACHAL PRADESH,point
28.125,96.625,260,ANJAW,12,ARUNACHAL PRADESH,point
28.125,96.875,260,ANJAW,12,ARUNACHAL PRADESH,point
28.125,97.125,260,ANJAW,12,ARUNACHAL PRADESH,point
28.125,97.375,260,ANJAW,12,ARUNACHAL PRADESH,overlap
28.375,72.125,101,BIKANER,8,RAJASTHAN,overlap
28.375,72.375,101,BIKANER,8,RAJASTHAN,point
28.375,72.625,101,BIKANER,8,RAJASTHAN,point
28.375,72.875,101,BIKANER,8,RAJASTHAN,point
28.375,73.125,101,BIKANER,8,RAJASTHAN,point
28.375,73.375,101,BIKANER,8,RAJASTHAN,point
28.375,73.625,101,BIKANER,8,RAJASTHAN,point
28.375,73.875,101,BIKANER,8,RAJASTHAN,point
28.375,74.125,102,CHURU,8,RAJASTHAN,point
28.375,74.375,102,CHURU,8,RAJASTHAN,point
28.375,74.625,102,CHURU,8,RAJASTHAN,point
28.375,74.875,102,CHURU,8,RAJASTHAN,point
28.375,75.125,102,CHURU,8,RAJASTHAN,point
28.375,75.375,102,CHURU,8,RAJASTHAN,point
28.375,75.625,103,JHUNJHUNUN,8,RAJASTHAN,point
28.375,75.875,103,JHUNJHUNUN,8,RAJASTHAN,point
28.375,76.125,84,MAHENDRAGARH,6,HARYANA,point
28.375,76.375,85,REWARI,6,HARYANA,point
28.375,76.625,85,REWARI,6,HARYANA,point
28.375,76.875,86,GURUGRAM,6,HARYANA,point
28.375,77.125,86,GURUGRAM,6,HARYANA,point
28.375,77.375,88,FARIDABAD,6,HARYANA,point
28.375,77.625,141,GAUTAM BUDDHA NAGAR,9,UTTAR PRADESH,point
28.375,77.875,142,BULANDSHAHR,9,UTTAR PRADESH,point
28.375,78.125,142,BULANDSHAHR,9,UTTAR PRADESH,point
28.375,78.375,663,SAMBHAL,9,UTTAR PRADESH,point
28.375,78.625,663,SAMBHAL,9,UTTAR PRADESH,point
28.375,78.875,149,BUDAUN,9,UTTAR PRADESH,point
28.375,79.125,150,BAREILLY,9,UTTAR PRADESH,point
28.375,79.375,150,BAREILLY,9,UTTAR PRADESH,point
28.375,79.625,150,BAREILLY,9,UTTAR PRADESH,point
28.375,79.875,151,PILIBHIT,9,UTTAR PRADESH,point
28.375,80.125,151,PILIBHIT,9,UTTAR PRADESH,point
28.375,80.375,151,PILIBHIT,9,UTTAR PRADESH,point
28.375,80.625,153,KHERI,9,UTTAR PRADESH,point
28.375,80.875,153,KHERI,9,UTTAR PRADESH,point
28.375,81.125,180,BAHRAICH,9,UTTAR PRADESH,point
28.375,81.375,180,BAHRAICH,9,UTTAR PRADESH,overlap
28.375,92.875,256,KURUNG KUMEY,12,ARUNACHAL PRADESH,overlap
28.375,93.125,256,KURUNG KUMEY,12,ARUNACHAL PRADESH,overlap
28.375,93.375,249,UPPER SUBANSIRI,12,ARUNACHAL PRADESH,point
28.375,93.625,249,UPPER SUBANSIRI,12,ARUNACHAL PRADESH,point
28.375,93.875,249,UPPER SUBANSIRI,12,ARUNACHAL PRADESH,point
28.375,94.125,249,UPPER SUBANSIRI,12,ARUNACHAL PRADESH,point
28.375,94.375,730,SHI YOMI,12,ARUNACHAL PRADESH,point
28.375,94.625,722,SIANG,12,ARUNACHAL PRADESH,point
28.375,94.875,722,SIANG,12,ARUNACHAL PRADESH,point
28.375,95.125,252,UPPER SIANG,12,ARUNACHAL PRADESH,point
28.375,95.375,258,LOWER DIBANG VALLEY,12,ARUNACHAL PRADESH,point
28.375,95.625,258,LOWER DIBANG VALLEY,12,ARUNACHAL PRADESH,point
28.375,95.875,258,LOWER DIBANG VALLEY,12,ARUNACHAL PRADESH,point
28.375,96.125,258,LOWER DIBANG VALLEY,12,ARUNACHAL PRADESH,point
28.375,96.375,260,ANJAW,12,ARUNACHAL PRADESH,overlap
28.375,96.625,260,ANJAW,12,ARUNACHAL PRADESH,point
28.375,96.875,260,ANJAW,12,ARUNACHAL PRADESH,point
28.375,97.125,260,ANJAW,12,ARUNACHAL PRADESH,overlap
28.375,97.375,260,ANJAW,12,ARUNACHAL PRADESH,overlap
28.625,72.125,101,BIKANER,8,RAJASTHAN,overlap
28.625,72.375,101,BIKANER,8,RAJASTHAN,point
28.625,72.625,101,BIKANER,8,RAJASTHAN,point
28.625,72.875,101,BIKANER,8,RAJASTHAN,point
28.625,73.125,101,BIKANER,8,RAJASTHAN,point
28.625,73.375,101,BIKANER,8,RAJASTHAN,point
28.625,73.625,101,BIKANER,8,RAJASTHAN,point
28.625,73.875,101,BIKANER,8,RAJASTHAN,point
28.625,74.125,102,CHURU,8,RAJASTHAN,point
28.625,74.375,102,CHURU,8,RAJASTHAN,point
28.625,74.625,102,CHURU,8,RAJASTHAN,point
28.625,74.875,102,CHURU,8,RAJASTHAN,point
28.625,75.125,102,CHURU,8,RAJASTHAN,point
28.625,75.375,102,CHURU,8,RAJASTHAN,point
28.625,75.625,81,BHIWANI,6,HARYANA,point
28.625,75.875,81,BHIWANI,6,HARYANA,point
28.625,76.125,732,CHARKI DADRI,6,HARYANA,point
28.625,76.375,732,CHARKI DADRI,6,HARYANA,point
28.625,76.625,83,JHAJJAR,6,HARYANA,point
28.625,76.875,83,JHAJJAR,6,HARYANA,point
28.625,77.125,94,NEW DELHI,7,DELHI,point
28.625,77.375,141,GAUTAM BUDDHA NAGAR,9,UTTAR PRADESH,point
28.625,77.625,665,HAPUR,9,UTTAR PRADESH,point
28.625,77.875,142,BULANDSHAHR,9,UTTAR PRADESH,point
28.625,78.125,142,BULANDSHAHR,9,UTTAR PRADESH,point
28.625,78.375,137,AMROHA,9,UTTAR PRADESH,point
28.625,78.625,663,SAMBHAL,9,UTTAR PRADESH,point
28.625,78.875,135,MORADABAD,9,UTTAR PRADESH,point
28.625,79.125,136,RAMPUR,9,UTTAR PRADESH,point
28.625,79.375,150,BAREILLY,9,UTTAR PRADESH,point
28.625,79.625,150,BAREILLY,9,UTTAR PRADESH,point
28.625,79.875,151,PILIBHIT,9,UTTAR PRADESH,point
28.625,80.125,151,PILIBHIT,9,UTTAR PRADESH,point
28.625,80.375,153,KHERI,9,UTTAR PRADESH,point
28.625,80.625,153,KHERI,9,UTTAR PRADESH,point
28.625,80.875,153,KHERI,9,UTTAR PRADESH,overlap
28.625,93.375,249,UPPER SUBANSIRI,12,ARUNACHAL PRADESH,point
28.625,93.625,249,UPPER SUBANSIRI,12,ARUNACHAL PRADESH,point
28.625,93.875,249,UPPER SUBANSIRI,12,ARUNACHAL PRADESH,point
28.625,94.125,730,SHI YOMI,12,ARUNACHAL PRADESH,point
28.625,94.375,730,SHI YOMI,12,ARUNACHAL PRADESH,point
28.625,94.625,722,SIANG,12,ARUNACHAL PRADESH,point
28.625,94.875,252,UPPER SIANG,12,ARUNACHAL PRADESH,point
28.625,95.125,252,UPPER SIANG,12,ARUNACHAL PRADESH,point
28.625,95.375,257,DIBANG VALLEY,12,ARUNACHAL PRADESH,point
28.625,95.625,257,DIBANG VALLEY,12,ARUNACHAL PRADESH,point
28.625,95.875,257,DIBANG VALLEY,12,ARUNACHAL PRADESH,point
28.625,96.125,257,DIBANG VALLEY,12,ARUNACHAL PRADESH,point
28.625,96.375,257,DIBANG VALLEY,12,ARUNACHAL PRADESH,point
28.625,96.625,257,DIBANG VALLEY,12,ARUNACHAL PRADESH,overlap
28.875,72.375,101,BIKANER,8,RAJASTHAN,overlap
28.875,72.625,101,BIKANER,8,RAJASTHAN,point
28.875,72.875,99,GANGANAGAR,8,RAJASTHAN,point
28.875,73.125,99,GANGANAGAR,8,RAJASTHAN,point
28.875,73.375,101,BIKANER,8,RAJASTHAN,point
28.875,73.625,101,BIKANER,8,RAJASTHAN,point
28.875,73.875,101,BIKANER,8,RAJASTHAN,point
28.875,74.125,101,BIKANER,8,RAJASTHAN,point
28.875,74.375,100,HANUMANGARH,8,RAJASTHAN,point
28.875,74.625,100,HANUMANGARH,8,RAJASTHAN,point
28.875,74.875,102,CHURU,8,RAJASTHAN,point
28.875,75.125,102,CHURU,8,RAJASTHAN,point
28.875,75.375,102,CHURU,8,RAJASTHAN,point
28.875,75.625,81,BHIWANI,6,HARYANA,point
28.875,75.875,81,BHIWANI,6,HARYANA,point
28.875,76.125,81,BHIWANI,6,HARYANA,point
28.875,76.375,82,ROHTAK,6,HARYANA,point
28.875,76.625,82,ROHTAK,6,HARYANA,point
28.875,76.875,76,SONIPAT,6,HARYANA,point
28.875,77.125,76,SONIPAT,6,HARYANA,point
28.875,77.375,139,BAGHPAT,9,UTTAR PRADESH,point
28.875,77.625,140,GHAZIABAD,9,UTTAR PRADESH,point
28.875,77.875,138,MEERUT,9,UTTAR PRADESH,point
28.875,78.125,137,AMROHA,9,UTTAR PRADESH,point
28.875,78.375,137,AMROHA,9,UTTAR PRADESH,point
28.875,78.625,137,AMROHA,9,UTTAR PRADESH,point
28.875,78.875,135,MORADABAD,9,UTTAR PRADESH,point
28.875,79.125,136,RAMPUR,9,UTTAR PRADESH,point
28.875,79.375,136,RAMPUR,9,UTTAR PRADESH,point
28.875,79.625,67,UDHAM SINGH NAGAR,5,UTTARAKHAND,point
28.875,79.875,67,UDHAM SINGH NAGAR,5,UTTARAKHAND,point
28.875,80.125,67,UDHAM SINGH NAGAR,5,UTTARAKHAND,overlap
28.875,80.375,151,PILIBHIT,9,UTTAR PRADESH,overlap
28.875,93.875,730,SHI YOMI,12,ARUNACHAL PRADESH,overlap
28.875,94.125,730,SHI YOMI,12,ARUNACHAL PRADESH,point
28.875,94.375,730,SHI YOMI,12,ARUNACHAL PRADESH,point
28.875,94.625,252,UPPER SIANG,12,ARUNACHAL PRADESH,point
28.875,94.875,252,UPPER SIANG,12,ARUNACHAL PRADESH,point
28.875,95.125,252,UPPER SIANG,12,ARUNACHAL PRADESH,point
28.875,95.375,257,DIBANG VALLEY,12,ARUNACHAL PRADESH,point
28.875,95.625,257,DIBANG VALLEY,12,ARUNACHAL PRADESH,point
28.875,95.875,257,DIBANG VALLEY,12,ARUNACHAL PRADESH,point
28.875,96.125,257,DIBANG VALLEY,12,ARUNACHAL PRADESH,point
28.875,96.375,257,DIBANG VALLEY,12,ARUNACHAL PRADESH,point
28.875,96.625,257,DIBANG VALLEY,12,ARUNACHAL PRADESH,overlap
29.125,72.875,99,GANGANAGAR,8,RAJASTHAN,overlap
29.125,73.125,99,GANGANAGAR,8,RAJASTHAN,point
29.125,73.375,99,GANGANAGAR,8,RAJASTHAN,point
29.125,73.625,99,GANGANAGAR,8,RAJASTHAN,point
29.125,73.875,99,GANGANAGAR,8,RAJASTHAN,point
29.125,74.125,99,GANGANAGAR,8,RAJASTHAN,point
29.125,74.375,100,HANUMANGARH,8,RAJASTHAN,point
29.125,74.625,100,HANUMANGARH,8,RAJASTHAN,point
29.125,74.875,100,HANUMANGARH,8,RAJASTHAN,point
29.125,75.125,100,HANUMANGARH,8,RAJASTHAN,point
29.125,75.375,100,HANUMANGARH,8,RAJASTHAN,point
29.125,75.625,80,HISAR,6,HARYANA,point
29.125,75.875,80,HISAR,6,HARYANA,point
29.125,76.125,80,HISAR,6,HARYANA,point
29.125,76.375,77,JIND,6,HARYANA,point
29.125,76.625,76,SONIPAT,6,HARYANA,point
29.125,76.875,76,SONIPAT,6,HARYANA,point
29.125,77.125,76,SONIPAT,6,HARYANA,point
29.125,77.375,139,BAGHPAT,9,UTTAR PRADESH,point
29.125,77.625,138,MEERUT,9,UTTAR PRADESH,point
29.125,77.875,138,MEERUT,9,UTTAR PRADESH,point
29.125,78.125,134,BIJNOR,9,UTTAR PRADESH,point
29.125,78.375,134,BIJNOR,9,UTTAR PRADESH,point
29.125,78.625,134,BIJNOR,9,UTTAR PRADESH,point
29.125,78.875,135,MORADABAD,9,UTTAR PRADESH,point
29.125,79.125,136,RAMPUR,9,UTTAR PRADESH,point
29.125,79.375,67,UDHAM SINGH NAGAR,5,UTTARAKHAND,point
29.125,79.625,66,NAINITAL,5,UTTARAKHAND,point
29.125,79.875,66,NAINITAL,5,UTTARAKHAND,point
29.125,80.125,65,CHAMPAWAT,5,UTTARAKHAND,point
29.125,80.375,65,CHAMPAWAT,5,UTTARAKHAND,overlap
29.125,94.125,730,SHI YOMI,12,ARUNACHAL PRADESH,overlap
29.125,94.375,252,UPPER SIANG,12,ARUNACHAL PRADESH,point
29.125,94.625,252,UPPER SIANG,12,ARUNACHAL PRADESH,point
29.125,94.875,252,UPPER SIANG,12,ARUNACHAL PRADESH,point
29.125,95.125,252,UPPER SIANG,12,ARUNACHAL PRADESH,overlap
29.125,95.375,257,DIBANG VALLEY,12,ARUNACHAL PRADESH,overlap
29.125,95.625,257,DIBANG VALLEY,12,ARUNACHAL PRADESH,point
29.125,95.875,257,DIBANG VALLEY,12,ARUNACHAL PRADESH,point
29.125,96.125,257,DIBANG VALLEY,12,ARUNACHAL PRADESH,point
29.125,96.375,257,DIBANG VALLEY,12,ARUNACHAL PRADESH,overlap
29.125,96.625,257,DIBANG VALLEY,12,ARUNACHAL PRADESH,overlap
29.375,73.125,99,GANGANAGAR,8,RAJASTHAN,overlap
29.375,73.375,99,GANGANAGAR,8,RAJASTHAN,point
29.375,73.625,99,GANGANAGAR,8,RAJASTHAN,point
29.375,73.875,99,GANGANAGAR,8,RAJASTHAN,point
29.375,74.125,100,HANUMANGARH,8,RAJASTHAN,point
29.375,74.375,100,HANUMANGARH,8,RAJASTHAN,point
29.375,74.625,79,SIRSA,6,HARYANA,point
29.375,74.875,100,HANUMANGARH,8,RAJASTHAN,point
29.375,75.125,79,SIRSA,6,HARYANA,point
29.375,75.375,78,FATEHABAD,6,HARYANA,point
29.375,75.625,80,HISAR,6,HARYANA,point
29.375,75.875,80,HISAR,6,HARYANA,point
29.375,76.125,80,HISAR,6,HARYANA,point
29.375,76.375,77,JIND,6,HARYANA,point
29.375,76.625,77,JIND,6,HARYANA,point
29.375,76.875,75,PANIPAT,6,HARYANA,point
29.375,77.125,75,PANIPAT,6,HARYANA,point
29.375,77.375,662,SHAMLI,9,UTTAR PRADESH,point
29.375,77.625,133,MUZAFFARNAGAR,9,UTTAR PRADESH,point
29.375,77.875,133,MUZAFFARNAGAR,9,UTTAR PRADESH,point
29.375,78.125,134,BIJNOR,9,UTTAR PRADESH,point
29.375,78.375,134,BIJNOR,9,UTTAR PRADESH,point
29.375,78.625,134,BIJNOR,9,UTTAR PRADESH,point
29.375,78.875,134,BIJNOR,9,UTTAR PRADESH,point
29.375,79.125,66,NAINITAL,5,UTTARAKHAND,point
29.375,79.375,66,NAINITAL,5,UTTARAKHAND,point
29.375,79.625,66,NAINITAL,5,UTTARAKHAND,point
29.375,79.875,65,CHAMPAWAT,5,UTTARAKHAND,point
29.375,80.125,65,CHAMPAWAT,5,UTTARAKHAND,point
29.375,80.375,65,CHAMPAWAT,5,UTTARAKHAND,overlap
29.375,94.625,252,UPPER SIANG,12,ARUNACHAL PRADESH,overlap
29.375,94.875,252,UPPER SIANG,12,ARUNACHAL PRADESH,overlap
29.375,95.625,257,DIBANG VALLEY,12,ARUNACHAL PRADESH,overlap
29.375,95.875,257,DIBANG VALLEY,12,ARUNACHAL PRADESH,point
29.375,96.125,257,DIBANG VALLEY,12,ARUNACHAL PRADESH,point
29.375,96.375,257,DIBANG VALLEY,12,ARUNACHAL PRADESH,overlap
29.625,73.125,99,GANGANAGAR,8,RAJASTHAN,overlap
29.625,73.375,99,GANGANAGAR,8,RAJASTHAN,point
29.625,73.625,99,GANGANAGAR,8,RAJASTHAN,point
29.625,73.875,100,HANUMANGARH,8,RAJASTHAN,point
29.625,74.125,100,HANUMANGARH,8,RAJASTHAN,point
29.625,74.375,100,HANUMANGARH,8,RAJASTHAN,point
29.625,74.625,79,SIRSA,6,HARYANA,point
29.625,74.875,79,SIRSA,6,HARYANA,point
29.625,75.125,79,SIRSA,6,HARYANA,point
29.625,75.375,78,FATEHABAD,6,HARYANA,point
29.625,75.625,78,FATEHABAD,6,HARYANA,point
29.625,75.875,78,FATEHABAD,6,HARYANA,point
29.625,76.125,77,JIND,6,HARYANA,point
29.625,76.375,73,KAITHAL,6,HARYANA,point
29.625,76.625,74,KARNAL,6,HARYANA,point
29.625,76.875,74,KARNAL,6,HARYANA,point
29.625,77.125,662,SHAMLI,9,UTTAR PRADESH,point
29.625,77.375,662,SHAMLI,9,UTTAR PRADESH,point
29.625,77.625,132,SAHARANPUR,9,UTTAR PRADESH,point
29.625,77.875,133,MUZAFFARNAGAR,9,UTTAR PRADESH,point
29.625,78.125,134,BIJNOR,9,UTTAR PRADESH,point
29.625,78.375,134,BIJNOR,9,UTTAR PRADESH,point
29.625,78.625,61,PAURI GARHWAL,5,UTTARAKHAND,point
29.625,78.875,61,PAURI GARHWAL,5,UTTARAKHAND,point
29.625,79.125,64,ALMORA,5,UTTARAKHAND,point
29.625,79.375,64,ALMORA,5,UTTARAKHAND,point
29.625,79.625,64,ALMORA,5,UTTARAKHAND,point
29.625,79.875,64,ALMORA,5,UTTARAKHAND,point
29.625,80.125,62,PITHORAGARH,5,UTTARAKHAND,point
29.625,80.375,62,PITHORAGARH,5,UTTARAKHAND,point
29.875,73.375,99,GANGANAGAR,8,RAJASTHAN,overlap
29.875,73.625,99,GANGANAGAR,8,RAJASTHAN,point
29.875,73.875,99,GANGANAGAR,8,RAJASTHAN,point
29.875,74.125,99,GANGANAGAR,8,RAJASTHAN,point
29.875,74.375,100,HANUMANGARH,8,RAJASTHAN,point
29.875,74.625,79,SIRSA,6,HARYANA,point
29.875,74.875,79,SIRSA,6,HARYANA,point
29.875,75.125,46,BATHINDA,3,PUNJAB,point
29.875,75.375,47,MANSA,3,PUNJAB,point
29.875,75.625,47,MANSA,3,PUNJAB,point
29.875,75.875,53,SANGRUR,3,PUNJAB,point
29.875,76.125,48,PATIALA,3,PUNJAB,point
29.875,76.375,73,KAITHAL,6,HARYANA,point
29.875,76.625,73,KAITHAL,6,HARYANA,point
29.875,76.875,74,KARNAL,6,HARYANA,point
29.875,77.125,74,KARNAL,6,HARYANA,point
29.875,77.375,132,SAHARANPUR,9,UTTAR PRADESH,point
29.875,77.625,132,SAHARANPUR,9,UTTAR PRADESH,point
29.875,77.875,68,HARIDWAR,5,UTTARAKHAND,point
29.875,78.125,68,HARIDWAR,5,UTTARAKHAND,point
29.875,78.375,61,PAURI GARHWAL,5,UTTARAKHAND,point
29.875,78.625,61,PAURI GARHWAL,5,UTTARAKHAND,point
29.875,78.875,61,PAURI GARHWAL,5,UTTARAKHAND,point
29.875,79.125,64,ALMORA,5,UTTARAKHAND,point
29.875,79.375,64,ALMORA,5,UTTARAKHAND,point
29.875,79.625,63,BAGESHWAR,5,UTTARAKHAND,point
29.875,79.875,63,BAGESHWAR,5,UTTARAKHAND,point
29.875,80.125,62,PITHORAGARH,5,UTTARAKHAND,point
29.875,80.375,62,PITHORAGARH,5,UTTARAKHAND,point
29.875,80.625,62,PITHORAGARH,5,UTTARAKHAND,overlap
30.125,73.625,99,GANGANAGAR,8,RAJASTHAN,overlap
30.125,73.875,99,GANGANAGAR,8,RAJASTHAN,point
30.125,74.125,673,FAZILKA,3,PUNJAB,point
30.125,74.375,673,FAZILKA,3,PUNJAB,point
30.125,74.625,44,SRI MUKTSAR SAHIB,3,PUNJAB,point
30.125,74.875,46,BATHINDA,3,PUNJAB,point
30.125,75.125,46,BATHINDA,3,PUNJAB,point
30.125,75.375,47,MANSA,3,PUNJAB,point
30.125,75.625,47,MANSA,3,PUNJAB,point
30.125,75.875,53,SANGRUR,3,PUNJAB,point
30.125,76.125,48,PATIALA,3,PUNJAB,point
30.125,76.375,48,PATIALA,3,PUNJAB,point
30.125,76.625,70,AMBALA,6,HARYANA,point
30.125,76.875,72,KURUKSHETRA,6,HARYANA,point
30.125,77.125,71,YAMUNANAGAR,6,HARYANA,point
30.125,77.375,71,YAMUNANAGAR,6,HARYANA,point
30.125,77.625,132,SAHARANPUR,9,UTTAR PRADESH,point
30.125,77.875,68,HARIDWAR,5,UTTARAKHAND,point
30.125,78.125,60,DEHRAD@N,5,UTTARAKHAND,point
30.125,78.375,59,TEHRI GARHWAL,5,UTTARAKHAND,point
30.125,78.625,61,PAURI GARHWAL,5,UTTARAKHAND,point
30.125,78.875,61,PAURI GARHWAL,5,UTTARAKHAND,point
30.125,79.125,61,PAURI GARHWAL,5,UTTARAKHAND,point
30.125,79.375,57,CHAMOLI,5,UTTARAKHAND,point
30.125,79.625,57,CHAMOLI,5,UTTARAKHAND,point
30.125,79.875,63,BAGESHWAR,5,UTTARAKHAND,point
30.125,80.125,62,PITHORAGARH,5,UTTARAKHAND,point
30.125,80.375,62,PITHORAGARH,5,UTTARAKHAND,point
30.125,80.625,62,PITHORAGARH,5,UTTARAKHAND,point
30.125,80.875,62,PITHORAGARH,5,UTTARAKHAND,overlap
30.125,81.125,62,PITHORAGARH,5,UTTARAKHAND,overlap
30.375,73.875,673,FAZILKA,3,PUNJAB,overlap
30.375,74.125,673,FAZILKA,3,PUNJAB,point
30.375,74.375,44,SRI MUKTSAR SAHIB,3,PUNJAB,point
30.375,74.625,44,SRI MUKTSAR SAHIB,3,PUNJAB,point
30.375,74.875,46,BATHINDA,3,PUNJAB,point
30.375,75.125,46,BATHINDA,3,PUNJAB,point
30.375,75.375,54,BARNALA,3,PUNJAB,point
30.375,75.625,54,BARNALA,3,PUNJAB,point
30.375,75.875,53,SANGRUR,3,PUNJAB,point
30.375,76.125,48,PATIALA,3,PUNJAB,point
30.375,76.375,48,PATIALA,3,PUNJAB,point
30.375,76.625,48,PATIALA,3,PUNJAB,point
30.375,76.875,70,AMBALA,6,HARYANA,point
30.375,77.125,70,AMBALA,6,HARYANA,point
30.375,77.375,71,YAMUNANAGAR,6,HARYANA,point
30.375,77.625,132,SAHARANPUR,9,UTTAR PRADESH,point
30.375,77.875,60,DEHRAD@N,5,UTTARAKHAND,point
30.375,78.125,60,DEHRAD@N,5,UTTARAKHAND,point
30.375,78.375,59,TEHRI GARHWAL,5,UTTARAKHAND,point
30.375,78.625,59,TEHRI GARHWAL,5,UTTARAKHAND,point
30.375,78.875,58,RUDRAPRAYAG,5,UTTARAKHAND,point
30.375,79.125,57,CHAMOLI,5,UTTARAKHAND,point
30.375,79.375,57,CHAMOLI,5,UTTARAKHAND,point
30.375,79.625,57,CHAMOLI,5,UTTARAKHAND,point
30.375,79.875,57,CHAMOLI,5,UTTARAKHAND,point
30.375,80.125,62,PITHORAGARH,5,UTTARAKHAND,point
30.375,80.375,62,PITHORAGARH,5,UTTARAKHAND,point
30.375,80.625,62,PITHORAGARH,5,UTTARAKHAND,point
30.375,80.875,62,PITHORAGARH,5,UTTARAKHAND,overlap
30.375,81.125,62,PITHORAGARH,5,UTTARAKHAND,overlap
30.625,73.875,673,FAZILKA,3,PUNJAB,overlap
30.625,74.125,673,FAZILKA,3,PUNJAB,overlap
30.625,74.375,43,FIROZPUR,3,PUNJAB,point
30.625,74.625,45,FARIDKOT,3,PUNJAB,point
30.625,74.875,45,FARIDKOT,3,PUNJAB,point
30.625,75.125,42,MOGA,3,PUNJAB,point
30.625,75.375,42,MOGA,3,PUNJAB,point
30.625,75.625,41,LUDHIANA,3,PUNJAB,point
30.625,75.875,748,MALER KOTLA,3,PUNJAB,point
30.625,76.125,41,LUDHIANA,3,PUNJAB,point
30.625,76.375,40,FATEHGARH SAHIB,3,PUNJAB,point
30.625,76.625,40,FATEHGARH SAHIB,3,PUNJAB,point
30.625,76.875,52,SAS NAGAR (SAHIBZADA AJIT SINGH NAGAR),3,PUNJAB,point
30.625,77.125,69,PANCHKULA,6,HARYANA,point
30.625,77.375,32,SIRMAUR,2,HIMACHAL PRADESH,point
30.625,77.625,32,SIRMAUR,2,HIMACHAL PRADESH,point
30.625,77.875,60,DEHRAD@N,5,UTTARAKHAND,point
30.625,78.125,59,TEHRI GARHWAL,5,UTTARAKHAND,point
30.625,78.375,56,UTTARKASHI,5,UTTARAKHAND,point
30.625,78.625,59,TEHRI GARHWAL,5,UTTARAKHAND,point
30.625,78.875,59,TEHRI GARHWAL,5,UTTARAKHAND,point
30.625,79.125,58,RUDRAPRAYAG,5,UTTARAKHAND,point
30.625,79.375,57,CHAMOLI,5,UTTARAKHAND,point
30.625,79.625,57,CHAMOLI,5,UTTARAKHAND,point
30.625,79.875,57,CHAMOLI,5,UTTARAKHAND,point
30.625,80.125,62,PITHORAGARH,5,UTTARAKHAND,point
30.625,80.375,62,PITHORAGARH,5,UTTARAKHAND,overlap
30.875,74.375,43,FIROZPUR,3,PUNJAB,point
30.875,74.625,43,FIROZPUR,3,PUNJAB,point
30.875,74.875,43,FIROZPUR,3,PUNJAB,point
30.875,75.125,42,MOGA,3,PUNJAB,point
30.875,75.375,42,MOGA,3,PUNJAB,point
30.875,75.625,41,LUDHIANA,3,PUNJAB,point
30.875,75.875,41,LUDHIANA,3,PUNJAB,point
30.875,76.125,41,LUDHIANA,3,PUNJAB,point
30.875,76.375,51,RUPNAGAR,3,PUNJAB,point
30.875,76.625,52,SAS NAGAR (SAHIBZADA AJIT SINGH NAGAR),3,PUNJAB,point
30.875,76.875,31,SOLAN,2,HIMACHAL PRADESH,point
30.875,77.125,31,SOLAN,2,HIMACHAL PRADESH,point
30.875,77.375,32,SIRMAUR,2,HIMACHAL PRADESH,point
30.875,77.625,33,SHIMLA,2,HIMACHAL PRADESH,point
30.875,77.875,60,DEHRAD@N,5,UTTARAKHAND,point
30.875,78.125,56,UTTARKASHI,5,UTTARAKHAND,point
30.875,78.375,56,UTTARKASHI,5,UTTARAKHAND,point
30.875,78.625,56,UTTARKASHI,5,UTTARAKHAND,point
30.875,78.875,59,TEHRI GARHWAL,5,UTTARAKHAND,point
30.875,79.125,56,UTTARKASHI,5,UTTARAKHAND,point
30.875,79.375,57,CHAMOLI,5,UTTARAKHAND,point
30.875,79.625,57,CHAMOLI,5,UTTARAKHAND,point
30.875,79.875,57,CHAMOLI,5,UTTARAKHAND,point
30.875,80.125,57,CHAMOLI,5,UTTARAKHAND,overlap
31.125,74.625,50,TARN TARAN,3,PUNJAB,overlap
31.125,74.875,43,FIROZPUR,3,PUNJAB,point
31.125,75.125,37,JALANDHAR,3,PUNJAB,point
31.125,75.375,37,JALANDHAR,3,PUNJAB,point
31.125,75.625,37,JALANDHAR,3,PUNJAB,point
31.125,75.875,37,JALANDHAR,3,PUNJAB,point
31.125,76.125,39,SHAHID BHAGAT SINGH NAGAR,3,PUNJAB,point
31.125,76.375,39,SHAHID BHAGAT SINGH NAGAR,3,PUNJAB,point
31.125,76.625,31,SOLAN,2,HIMACHAL PRADESH,point
31.125,76.875,31,SOLAN,2,HIMACHAL PRADESH,point
31.125,77.125,33,SHIMLA,2,HIMACHAL PRADESH,point
31.125,77.375,33,SHIMLA,2,HIMACHAL PRADESH,point
31.125,77.625,33,SHIMLA,2,HIMACHAL PRADESH,point
31.125,77.875,33,SHIMLA,2,HIMACHAL PRADESH,point
31.125,78.125,56,UTTARKASHI,5,UTTARAKHAND,point
31.125,78.375,56,UTTARKASHI,5,UTTARAKHAND,point
31.125,78.625,56,UTTARKASHI,5,UTTARAKHAND,point
31.125,78.875,34,KINNAUR,2,HIMACHAL PRADESH,point
31.125,79.125,56,UTTARKASHI,5,UTTARAKHAND,point
31.125,79.375,56,UTTARKASHI,5,UTTARAKHAND,overlap
31.125,79.625,57,CHAMOLI,5,UTTARAKHAND,overlap
31.125,79.875,57,CHAMOLI,5,UTTARAKHAND,overlap
31.375,74.625,50,TARN TARAN,3,PUNJAB,point
31.375,74.875,50,TARN TARAN,3,PUNJAB,point
31.375,75.125,50,TARN TARAN,3,PUNJAB,point
31.375,75.375,36,KAPURTHALA,3,PUNJAB,point
31.375,75.625,37,JALANDHAR,3,PUNJAB,point
31.375,75.875,38,HOSHIARPUR,3,PUNJAB,point
31.375,76.125,38,HOSHIARPUR,3,PUNJAB,point
31.375,76.375,51,RUPNAGAR,3,PUNJAB,point
31.375,76.625,30,BILASPUR,2,HIMACHAL PRADESH,point
31.375,76.875,27,MANDI,2,HIMACHAL PRADESH,point
31.375,77.125,27,MANDI,2,HIMACHAL PRADESH,point
31.375,77.375,27,MANDI,2,HIMACHAL PRADESH,point
31.375,77.625,33,SHIMLA,2,HIMACHAL PRADESH,point
31.375,77.875,33,SHIMLA,2,HIMACHAL PRADESH,point
31.375,78.125,33,SHIMLA,2,HIMACHAL PRADESH,point
31.375,78.375,34,KINNAUR,2,HIMACHAL PRADESH,point
31.375,78.625,34,KINNAUR,2,HIMACHAL PRADESH,point
31.375,78.875,34,KINNAUR,2,HIMACHAL PRADESH,overlap
31.375,79.125,56,UTTARKASHI,5,UTTARAKHAND,point
31.375,79.375,56,UTTARKASHI,5,UTTARAKHAND,overlap
31.625,74.375,49,AMRITSAR,3,PUNJAB,overlap
31.625,74.625,49,AMRITSAR,3,PUNJAB,point
31.625,74.875,49,AMRITSAR,3,PUNJAB,point
31.625,75.125,49,AMRITSAR,3,PUNJAB,point
31.625,75.375,35,GURDASPUR,3,PUNJAB,point
31.625,75.625,38,HOSHIARPUR,3,PUNJAB,point
31.625,75.875,38,HOSHIARPUR,3,PUNJAB,point
31.625,76.125,29,UNA,2,HIMACHAL PRADESH,point
31.625,76.375,29,UNA,2,HIMACHAL PRADESH,point
31.625,76.625,28,HAMIRPUR,2,HIMACHAL PRADESH,point
31.625,76.875,27,MANDI,2,HIMACHAL PRADESH,point
31.625,77.125,27,MANDI,2,HIMACHAL PRADESH,point
31.625,77.375,26,KULLU,2,HIMACHAL PRADESH,point
31.625,77.625,26,KULLU,2,HIMACHAL PRADESH,point
31.625,77.875,34,KINNAUR,2,HIMACHAL PRADESH,point
31.625,78.125,34,KINNAUR,2,HIMACHAL PRADESH,point
31.625,78.375,34,KINNAUR,2,HIMACHAL PRADESH,point
31.625,78.625,34,KINNAUR,2,HIMACHAL PRADESH,point
31.625,78.875,34,KINNAUR,2,HIMACHAL PRADESH,overlap
31.875,74.625,49,AMRITSAR,3,PUNJAB,point
31.875,74.875,49,AMRITSAR,3,PUNJAB,point
31.875,75.125,35,GURDASPUR,3,PUNJAB,point
31.875,75.375,35,GURDASPUR,3,PUNJAB,point
31.875,75.625,38,HOSHIARPUR,3,PUNJAB,point
31.875,75.875,38,HOSHIARPUR,3,PUNJAB,point
31.875,76.125,24,KANGRA,2,HIMACHAL PRADESH,point
31.875,76.375,24,KANGRA,2,HIMACHAL PRADESH,point
31.875,76.625,28,HAMIRPUR,2,HIMACHAL PRADESH,point
31.875,76.875,27,MANDI,2,HIMACHAL PRADESH,point
31.875,77.125,26,KULLU,2,HIMACHAL PRADESH,point
31.875,77.375,26,KULLU,2,HIMACHAL PRADESH,point
31.875,77.625,26,KULLU,2,HIMACHAL PRADESH,point
31.875,77.875,25,LAHUL & SPITI,2,HIMACHAL PRADESH,point
31.875,78.125,25,LAHUL & SPITI,2,HIMACHAL PRADESH,point
31.875,78.375,34,KINNAUR,2,HIMACHAL PRADESH,point
31.875,78.625,34,KINNAUR,2,HIMACHAL PRADESH,point
31.875,78.875,34,KINNAUR,2,HIMACHAL PRADESH,overlap
32.125,74.875,35,GURDASPUR,3,PUNJAB,overlap
32.125,75.125,35,GURDASPUR,3,PUNJAB,overlap
32.125,75.375,35,GURDASPUR,3,PUNJAB,point
32.125,75.625,678,PATHANKOT,3,PUNJAB,point
32.125,75.875,24,KANGRA,2,HIMACHAL PRADESH,point
32.125,76.125,24,KANGRA,2,HIMACHAL PRADESH,point
32.125,76.375,24,KANGRA,2,HIMACHAL PRADESH,point
32.125,76.625,24,KANGRA,2,HIMACHAL PRADESH,point
32.125,76.875,24,KANGRA,2,HIMACHAL PRADESH,point
32.125,77.125,26,KULLU,2,HIMACHAL PRADESH,point
32.125,77.375,26,KULLU,2,HIMACHAL PRADESH,point
32.125,77.625,26,KULLU,2,HIMACHAL PRADESH,point
32.125,77.875,25,LAHUL & SPITI,2,HIMACHAL PRADESH,point
32.125,78.125,25,LAHUL & SPITI,2,HIMACHAL PRADESH,point
32.125,78.375,25,LAHUL & SPITI,2,HIMACHAL PRADESH,point
32.125,78.625,25,LAHUL & SPITI,2,HIMACHAL PRADESH,overlap
32.125,78.875,34,KINNAUR,2,HIMACHAL PRADESH,overlap
32.375,74.625,21,JAMMU,1,JAMMU AND KASHMIR,overlap
32.375,74.875,22,SAMBA,1,JAMMU AND KASHMIR,overlap
32.375,75.125,22,SAMBA,1,JAMMU AND KASHMIR,overlap
32.375,75.375,7,KATHUA,1,JAMMU AND KASHMIR,point
32.375,75.625,678,PATHANKOT,3,PUNJAB,point
32.375,75.875,24,KANGRA,2,HIMACHAL PRADESH,point
32.375,76.125,23,CHAMBA,2,HIMACHAL PRADESH,point
32.375,76.375,23,CHAMBA,2,HIMACHAL PRADESH,point
32.375,76.625,23,CHAMBA,2,HIMACHAL PRADESH,point
32.375,76.875,24,KANGRA,2,HIMACHAL PRADESH,point
32.375,77.125,26,KULLU,2,HIMACHAL PRADESH,point
32.375,77.375,25,LAHUL & SPITI,2,HIMACHAL PRADESH,point
32.375,77.625,25,LAHUL & SPITI,2,HIMACHAL PRADESH,point
32.375,77.875,25,LAHUL & SPITI,2,HIMACHAL PRADESH,point
32.375,78.125,25,LAHUL & SPITI,2,HIMACHAL PRADESH,point
32.375,78.375,25,LAHUL & SPITI,2,HIMACHAL PRADESH,point
32.375,78.625,25,LAHUL & SPITI,2,HIMACHAL PRADESH,overlap
32.375,78.875,3,LEH,37,LADAKH,overlap
32.375,79.125,3,LEH,37,LADAKH,overlap
32.625,74.625,21,JAMMU,1,JAMMU AND KASHMIR,overlap
32.625,74.875,21,JAMMU,1,JAMMU AND KASHMIR,point
32.625,75.125,22,SAMBA,1,JAMMU AND KASHMIR,point
32.625,75.375,7,KATHUA,1,JAMMU AND KASHMIR,point
32.625,75.625,7,KATHUA,1,JAMMU AND KASHMIR,point
32.625,75.875,7,KATHUA,1,JAMMU AND KASHMIR,point
32.625,76.125,23,CHAMBA,2,HIMACHAL PRADESH,point
32.625,76.375,23,CHAMBA,2,HIMACHAL PRADESH,point
32.625,76.625,25,LAHUL & SPITI,2,HIMACHAL PRADESH,point
32.625,76.875,25,LAHUL & SPITI,2,HIMACHAL PRADESH,point
32.625,77.125,25,LAHUL & SPITI,2,HIMACHAL PRADESH,point
32.625,77.375,25,LAHUL & SPITI,2,HIMACHAL PRADESH,point
32.625,77.625,25,LAHUL & SPITI,2,HIMACHAL PRADESH,point
32.625,77.875,25,LAHUL & SPITI,2,HIMACHAL PRADESH,point
32.625,78.125,25,LAHUL & SPITI,2,HIMACHAL PRADESH,point
32.625,78.375,25,LAHUL & SPITI,2,HIMACHAL PRADESH,point
32.625,78.625,3,LEH,37,LADAKH,point
32.625,78.875,3,LEH,37,LADAKH,point
32.625,79.125,3,LEH,37,LADAKH,point
32.625,79.375,3,LEH,37,LADAKH,point
32.625,79.625,3,LEH,37,LADAKH,overlap
32.875,73.875,NOT AVAILABLE,MIRPUR,1,JAMMU AND KASHMIR,overlap
32.875,74.125,NOT AVAILABLE,MIRPUR,1,JAMMU AND KASHMIR,overlap
32.875,74.375,NOT AVAILABLE,MIRPUR,1,JAMMU AND KASHMIR,point
32.875,74.625,21,JAMMU,1,JAMMU AND KASHMIR,point
32.875,74.875,21,JAMMU,1,JAMMU AND KASHMIR,point
32.875,75.125,19,UDHAMPUR,1,JAMMU AND KASHMIR,point
32.875,75.375,19,UDHAMPUR,1,JAMMU AND KASHMIR,point
32.875,75.625,19,UDHAMPUR,1,JAMMU AND KASHMIR,point
32.875,75.875,23,CHAMBA,2,HIMACHAL PRADESH,point
32.875,76.125,23,CHAMBA,2,HIMACHAL PRADESH,point
32.875,76.375,23,CHAMBA,2,HIMACHAL PRADESH,point
32.875,76.625,23,CHAMBA,2,HIMACHAL PRADESH,point
32.875,76.875,25,LAHUL & SPITI,2,HIMACHAL PRADESH,point
32.875,77.125,25,LAHUL & SPITI,2,HIMACHAL PRADESH,point
32.875,77.375,3,LEH,37,LADAKH,point
32.875,77.625,25,LAHUL & SPITI,2,HIMACHAL PRADESH,point
32.875,77.875,3,LEH,37,LADAKH,point
32.875,78.125,3,LEH,37,LADAKH,point
32.875,78.375,3,LEH,37,LADAKH,point
32.875,78.625,3,LEH,37,LADAKH,point
32.875,78.875,3,LEH,37,LADAKH,point
32.875,79.125,3,LEH,37,LADAKH,point
32.875,79.375,3,LEH,37,LADAKH,point
32.875,79.625,3,LEH,37,LADAKH,overlap
33.125,73.625,NOT AVAILABLE,MIRPUR,1,JAMMU AND KASHMIR,overlap
33.125,73.875,NOT AVAILABLE,MIRPUR,1,JAMMU AND KASHMIR,point
33.125,74.125,NOT AVAILABLE,MIRPUR,1,JAMMU AND KASHMIR,point
33.125,74.375,6,RAJAURI,1,JAMMU AND KASHMIR,point
33.125,74.625,20,RIASI,1,JAMMU AND KASHMIR,point
33.125,74.875,20,RIASI,1,JAMMU AND KASHMIR,point
33.125,75.125,19,UDHAMPUR,1,JAMMU AND KASHMIR,point
33.125,75.375,16,DODA,1,JAMMU AND KASHMIR,point
33.125,75.625,16,DODA,1,JAMMU AND KASHMIR,point
33.125,75.875,18,KISHTWAR,1,JAMMU AND KASHMIR,point
33.125,76.125,16,DODA,1,JAMMU AND KASHMIR,point
33.125,76.375,23,CHAMBA,2,HIMACHAL PRADESH,point
33.125,76.625,23,CHAMBA,2,HIMACHAL PRADESH,point
33.125,76.875,4,KARGIL,37,LADAKH,point
33.125,77.125,4,KARGIL,37,LADAKH,point
33.125,77.375,4,KARGIL,37,LADAKH,point
33.125,77.625,3,LEH,37,LADAKH,point
33.125,77.875,3,LEH,37,LADAKH,point
33.125,78.125,3,LEH,37,LADAKH,point
33.125,78.375,3,LEH,37,LADAKH,point
33.125,78.625,3,LEH,37,LADAKH,point
33.125,78.875,3,LEH,37,LADAKH,point
33.125,79.125,3,LEH,37,LADAKH,point
33.125,79.375,3,LEH,37,LADAKH,point
33.375,73.625,NOT AVAILABLE,MIRPUR,1,JAMMU AND KASHMIR,point
33.375,73.875,NOT AVAILABLE,MIRPUR,1,JAMMU AND KASHMIR,point
33.375,74.125,NOT AVAILABLE,MIRPUR,1,JAMMU AND KASHMIR,point
33.375,74.375,6,RAJAURI,1,JAMMU AND KASHMIR,point
33.375,74.625,6,RAJAURI,1,JAMMU AND KASHMIR,point
33.375,74.875,20,RIASI,1,JAMMU AND KASHMIR,point
33.375,75.125,17,RAMBAN,1,JAMMU AND KASHMIR,point
33.375,75.375,17,RAMBAN,1,JAMMU AND KASHMIR,point
33.375,75.625,18,KISHTWAR,1,JAMMU AND KASHMIR,point
33.375,75.875,18,KISHTWAR,1,JAMMU AND KASHMIR,point
33.375,76.125,18,KISHTWAR,1,JAMMU AND KASHMIR,point
33.375,76.375,18,KISHTWAR,1,JAMMU AND KASHMIR,point
33.375,76.625,18,KISHTWAR,1,JAMMU AND KASHMIR,point
33.375,76.875,4,KARGIL,37,LADAKH,point
33.375,77.125,4,KARGIL,37,LADAKH,point
33.375,77.375,4,KARGIL,37,LADAKH,point
33.375,77.625,3,LEH,37,LADAKH,point
33.375,77.875,3,LEH,37,LADAKH,point
33.375,78.125,3,LEH,37,LADAKH,point
33.375,78.375,3,LEH,37,LADAKH,point
33.375,78.625,3,LEH,37,LADAKH,point
33.375,78.875,3,LEH,37,LADAKH,point
33.375,79.125,3,LEH,37,LADAKH,overlap
33.375,79.375,3,LEH,37,LADAKH,overlap
33.625,73.625,NOT AVAILABLE,MIRPUR,1,JAMMU AND KASHMIR,point
33.625,73.875,5,PUNCH,1,JAMMU AND KASHMIR,point
33.625,74.125,5,PUNCH,1,JAMMU AND KASHMIR,point
33.625,74.375,5,PUNCH,1,JAMMU AND KASHMIR,point
33.625,74.625,13,SHUPIYAN,1,JAMMU AND KASHMIR,point
33.625,74.875,15,KULGAM,1,JAMMU AND KASHMIR,point
33.625,75.125,15,KULGAM,1,JAMMU AND KASHMIR,point
33.625,75.375,14,ANANTNAG,1,JAMMU AND KASHMIR,point
33.625,75.625,18,KISHTWAR,1,JAMMU AND KASHMIR,point
33.625,75.875,18,KISHTWAR,1,JAMMU AND KASHMIR,point
33.625,76.125,18,KISHTWAR,1,JAMMU AND KASHMIR,point
33.625,76.375,4,KARGIL,37,LADAKH,point
33.625,76.625,4,KARGIL,37,LADAKH,point
33.625,76.875,4,KARGIL,37,LADAKH,point
33.625,77.125,4,KARGIL,37,LADAKH,point
33.625,77.375,3,LEH,37,LADAKH,point
33.625,77.625,3,LEH,37,LADAKH,point
33.625,77.875,3,LEH,37,LADAKH,point
33.625,78.125,3,LEH,37,LADAKH,point
33.625,78.375,3,LEH,37,LADAKH,point
33.625,78.625,3,LEH,37,LADAKH,point
33.625,78.875,3,LEH,37,LADAKH,point
33.625,79.125,3,LEH,37,LADAKH,overlap
33.875,73.625,5,PUNCH,1,JAMMU AND KASHMIR,point
33.875,73.875,5,PUNCH,1,JAMMU AND KASHMIR,point
33.875,74.125,5,PUNCH,1,JAMMU AND KASHMIR,point
33.875,74.375,5,PUNCH,1,JAMMU AND KASHMIR,point
33.875,74.625,2,BADGAM,1,JAMMU AND KASHMIR,point
33.875,74.875,12,PULWAMA,1,JAMMU AND KASHMIR,point
33.875,75.125,12,PULWAMA,1,JAMMU AND KASHMIR,point
33.875,75.375,14,ANANTNAG,1,JAMMU AND KASHMIR,point
33.875,75.625,18,KISHTWAR,1,JAMMU AND KASHMIR,point
33.875,75.875,18,KISHTWAR,1,JAMMU AND KASHMIR,point
33.875,76.125,18,KISHTWAR,1,JAMMU AND KASHMIR,point
33.875,76.375,4,KARGIL,37,LADAKH,point
33.875,76.625,3,LEH,37,LADAKH,point
33.875,76.875,3,LEH,37,LADAKH,point
33.875,77.125,3,LEH,37,LADAKH,point
33.875,77.375,3,LEH,37,LADAKH,point
33.875,77.625,3,LEH,37,LADAKH,point
33.875,77.875,3,LEH,37,LADAKH,point
33.875,78.125,3,LEH,37,LADAKH,point
33.875,78.375,3,LEH,37,LADAKH,point
33.875,78.625,3,LEH,37,LADAKH,point
33.875,78.875,3,LEH,37,LADAKH,point
33.875,79.125,3,LEH,37,LADAKH,overlap
33.875,79.375,3,LEH,37,LADAKH,overlap
34.125,73.375,NOT AVAILABLE,MUZAFFARABAD,1,JAMMU AND KASHMIR,overlap
34.125,73.625,NOT AVAILABLE,MUZAFFARABAD,1,JAMMU AND KASHMIR,point
34.125,73.875,NOT AVAILABLE,MUZAFFARABAD,1,JAMMU AND KASHMIR,point
34.125,74.125,8,BARAMULA,1,JAMMU AND KASHMIR,point
34.125,74.375,8,BARAMULA,1,JAMMU AND KASHMIR,point
34.125,74.625,8,BARAMULA,1,JAMMU AND KASHMIR,point
34.125,74.875,10,SRINAGAR,1,JAMMU AND KASHMIR,point
34.125,75.125,11,GANDERBAL,1,JAMMU AND KASHMIR,point
34.125,75.375,14,ANANTNAG,1,JAMMU AND KASHMIR,point
34.125,75.625,18,KISHTWAR,1,JAMMU AND KASHMIR,point
34.125,75.875,4,KARGIL,37,LADAKH,point
34.125,76.125,4,KARGIL,37,LADAKH,point
34.125,76.375,4,KARGIL,37,LADAKH,point
34.125,76.625,4,KARGIL,37,LADAKH,point
34.125,76.875,3,LEH,37,LADAKH,point
34.125,77.125,3,LEH,37,LADAKH,point
34.125,77.375,3,LEH,37,LADAKH,point
34.125,77.625,3,LEH,37,LADAKH,point
34.125,77.875,3,LEH,37,LADAKH,point
34.125,78.125,3,LEH,37,LADAKH,point
34.125,78.375,3,LEH,37,LADAKH,point
34.125,78.625,3,LEH,37,LADAKH,point
34.125,78.875,3,LEH,37,LADAKH,point
34.125,79.125,3,LEH,37,LADAKH,point
34.125,79.375,3,LEH,37,LADAKH,point
34.125,79.625,3,LEH,37,LADAKH,overlap
34.375,73.375,NOT AVAILABLE,MUZAFFARABAD,1,JAMMU AND KASHMIR,overlap
34.375,73.625,NOT AVAILABLE,MUZAFFARABAD,1,JAMMU AND KASHMIR,point
34.375,73.875,1,KUPWARA,1,JAMMU AND KASHMIR,point
34.375,74.125,1,KUPWARA,1,JAMMU AND KASHMIR,point
34.375,74.375,1,KUPWARA,1,JAMMU AND KASHMIR,point
34.375,74.625,9,BANDIPURA,1,JAMMU AND KASHMIR,point
34.375,74.875,9,BANDIPURA,1,JAMMU AND KASHMIR,point
34.375,75.125,9,BANDIPURA,1,JAMMU AND KASHMIR,point
34.375,75.375,11,GANDERBAL,1,JAMMU AND KASHMIR,point
34.375,75.625,4,KARGIL,37,LADAKH,point
34.375,75.875,4,KARGIL,37,LADAKH,point
34.375,76.125,4,KARGIL,37,LADAKH,point
34.375,76.375,4,KARGIL,37,LADAKH,point
34.375,76.625,4,KARGIL,37,LADAKH,point
34.375,76.875,3,LEH,37,LADAKH,point
34.375,77.125,3,LEH,37,LADAKH,point
34.375,77.375,3,LEH,37,LADAKH,point
34.375,77.625,3,LEH,37,LADAKH,point
34.375,77.875,3,LEH,37,LADAKH,point
34.375,78.125,3,LEH,37,LADAKH,point
34.375,78.375,3,LEH,37,LADAKH,point
34.375,78.625,3,LEH,37,LADAKH,point
34.375,78.875,3,LEH,37,LADAKH,point
34.375,79.125,3,LEH,37,LADAKH,point
34.375,79.375,3,LEH,37,LADAKH,point
34.375,79.625,3,LEH,37,LADAKH,overlap
34.375,79.875,3,LEH,37,LADAKH,overlap
34.625,73.375,NOT AVAILABLE,MUZAFFARABAD,1,JAMMU AND KASHMIR,overlap
34.625,73.625,NOT AVAILABLE,MUZAFFARABAD,1,JAMMU AND KASHMIR,overlap
34.625,73.875,NOT AVAILABLE,MUZAFFARABAD,1,JAMMU AND KASHMIR,point
34.625,74.125,1,KUPWARA,1,JAMMU AND KASHMIR,point
34.625,74.375,1,KUPWARA,1,JAMMU AND KASHMIR,point
34.625,74.625,9,BANDIPURA,1,JAMMU AND KASHMIR,point
34.625,74.875,9,BANDIPURA,1,JAMMU AND KASHMIR,point
34.625,75.125,9,BANDIPURA,1,JAMMU AND KASHMIR,point
34.625,75.375,3,LEH,37,LADAKH,point
34.625,75.625,3,LEH,37,LADAKH,point
34.625,75.875,3,LEH,37,LADAKH,point
34.625,76.125,4,KARGIL,37,LADAKH,point
34.625,76.375,4,KARGIL,37,LADAKH,point
34.625,76.625,3,LEH,37,LADAKH,point
34.625,76.875,3,LEH,37,LADAKH,point
34.625,77.125,3,LEH,37,LADAKH,point
34.625,77.375,3,LEH,37,LADAKH,point
34.625,77.625,3,LEH,37,LADAKH,point
34.625,77.875,3,LEH,37,LADAKH,point
34.625,78.125,3,LEH,37,LADAKH,point
34.625,78.375,3,LEH,37,LADAKH,point
34.625,78.625,3,LEH,37,LADAKH,point
34.625,78.875,3,LEH,37,LADAKH,point
34.625,79.125,3,LEH,37,LADAKH,point
34.625,79.375,3,LEH,37,LADAKH,point
34.625,79.625,3,LEH,37,LADAKH,point
34.625,79.875,3,LEH,37,LADAKH,overlap
34.625,80.125,3,LEH,37,LADAKH,overlap
34.875,73.625,NOT AVAILABLE,MUZAFFARABAD,1,JAMMU AND KASHMIR,overlap
34.875,73.875,NOT AVAILABLE,MUZAFFARABAD,1,JAMMU AND KASHMIR,overlap
34.875,74.125,NOT AVAILABLE,MUZAFFARABAD,1,JAMMU AND KASHMIR,point
34.875,74.375,NOT AVAILABLE,MUZAFFARABAD,1,JAMMU AND KASHMIR,point
34.875,74.625,9,BANDIPURA,1,JAMMU AND KASHMIR,point
34.875,74.875,3,LEH,37,LADAKH,point
34.875,75.125,9,BANDIPURA,1,JAMMU AND KASHMIR,point
34.875,75.375,3,LEH,37,LADAKH,point
34.875,75.625,3,LEH,37,LADAKH,point
34.875,75.875,3,LEH,37,LADAKH,point
34.875,76.125,3,LEH,37,LADAKH,point
34.875,76.375,3,LEH,37,LADAKH,point
34.875,76.625,3,LEH,37,LADAKH,point
34.875,76.875,3,LEH,37,LADAKH,point
34.875,77.125,3,LEH,37,LADAKH,point
34.875,77.375,3,LEH,37,LADAKH,point
34.875,77.625,3,LEH,37,LADAKH,point
34.875,77.875,3,LEH,37,LADAKH,point
34.875,78.125,3,LEH,37,LADAKH,point
34.875,78.375,3,LEH,37,LADAKH,point
34.875,78.625,3,LEH,37,LADAKH,point
34.875,78.875,3,LEH,37,LADAKH,point
34.875,79.125,3,LEH,37,LADAKH,point
34.875,79.375,3,LEH,37,LADAKH,point
34.875,79.625,3,LEH,37,LADAKH,point
34.875,79.875,3,LEH,37,LADAKH,point
34.875,80.125,3,LEH,37,LADAKH,point
35.125,73.625,3,LEH,37,LADAKH,overlap
35.125,73.875,3,LEH,37,LADAKH,overlap
35.125,74.125,3,LEH,37,LADAKH,point
35.125,74.375,3,LEH,37,LADAKH,point
35.125,74.625,3,LEH,37,LADAKH,point
35.125,74.875,3,LEH,37,LADAKH,point
35.125,75.125,3,LEH,37,LADAKH,point
35.125,75.375,3,LEH,37,LADAKH,point
35.125,75.625,3,LEH,37,LADAKH,point
35.125,75.875,3,LEH,37,LADAKH,point
35.125,76.125,3,LEH,37,LADAKH,point
35.125,76.375,3,LEH,37,LADAKH,point
35.125,76.625,3,LEH,37,LADAKH,point
35.125,76.875,3,LEH,37,LADAKH,point
35.125,77.125,3,LEH,37,LADAKH,point
35.125,77.375,3,LEH,37,LADAKH,point
35.125,77.625,3,LEH,37,LADAKH,point
35.125,77.875,3,LEH,37,LADAKH,point
35.125,78.125,3,LEH,37,LADAKH,point
35.125,78.375,3,LEH,37,LADAKH,point
35.125,78.625,3,LEH,37,LADAKH,point
35.125,78.875,3,LEH,37,LADAKH,point
35.125,79.125,3,LEH,37,LADAKH,point
35.125,79.375,3,LEH,37,LADAKH,point
35.125,79.625,3,LEH,37,LADAKH,point
35.125,79.875,3,LEH,37,LADAKH,point
35.125,80.125,3,LEH,37,LADAKH,point
35.125,80.375,3,LEH,37,LADAKH,overlap
35.375,73.625,3,LEH,37,LADAKH,overlap
35.375,73.875,3,LEH,37,LADAKH,point
35.375,74.125,3,LEH,37,LADAKH,point
35.375,74.375,3,LEH,37,LADAKH,point
35.375,74.625,3,LEH,37,LADAKH,point
35.375,74.875,3,LEH,37,LADAKH,point
35.375,75.125,3,LEH,37,LADAKH,point
35.375,75.375,3,LEH,37,LADAKH,point
35.375,75.625,3,LEH,37,LADAKH,point
35.375,75.875,3,LEH,37,LADAKH,point
35.375,76.125,3,LEH,37,LADAKH,point
35.375,76.375,3,LEH,37,LADAKH,point
35.375,76.625,3,LEH,37,LADAKH,point
35.375,76.875,3,LEH,37,LADAKH,point
35.375,77.125,3,LEH,37,LADAKH,point
35.375,77.375,3,LEH,37,LADAKH,point
35.375,77.625,3,LEH,37,LADAKH,point
35.375,77.875,3,LEH,37,LADAKH,point
35.375,78.125,3,LEH,37,LADAKH,point
35.375,78.375,3,LEH,37,LADAKH,point
35.375,78.625,3,LEH,37,LADAKH,point
35.375,78.875,3,LEH,37,LADAKH,point
35.375,79.125,3,LEH,37,LADAKH,point
35.375,79.375,3,LEH,37,LADAKH,point
35.375,79.625,3,LEH,37,LADAKH,point
35.375,79.875,3,LEH,37,LADAKH,point
35.375,80.125,3,LEH,37,LADAKH,point
35.375,80.375,3,LEH,37,LADAKH,overlap
35.625,73.125,3,LEH,37,LADAKH,overlap
35.625,73.375,3,LEH,37,LADAKH,point
35.625,73.625,3,LEH,37,LADAKH,point
35.625,73.875,3,LEH,37,LADAKH,point
35.625,74.125,3,LEH,37,LADAKH,point
35.625,74.375,3,LEH,37,LADAKH,point
35.625,74.625,3,LEH,37,LADAKH,point
35.625,74.875,3,LEH,37,LADAKH,point
35.625,75.125,3,LEH,37,LADAKH,point
35.625,75.375,3,LEH,37,LADAKH,point
35.625,75.625,3,LEH,37,LADAKH,point
35.625,75.875,3,LEH,37,LADAKH,point
35.625,76.125,3,LEH,37,LADAKH,point
35.625,76.375,3,LEH,37,LADAKH,point
35.625,76.625,3,LEH,37,LADAKH,point
35.625,76.875,3,LEH,37,LADAKH,point
35.625,77.125,3,LEH,37,LADAKH,point
35.625,77.375,3,LEH,37,LADAKH,point
35.625,77.625,3,LEH,37,LADAKH,overlap
35.625,77.875,3,LEH,37,LADAKH,overlap
35.625,78.125,3,LEH,37,LADAKH,overlap
35.625,78.375,3,LEH,37,LADAKH,point
35.625,78.625,3,LEH,37,LADAKH,point
35.625,78.875,3,LEH,37,LADAKH,point
35.625,79.125,3,LEH,37,LADAKH,point
35.625,79.375,3,LEH,37,LADAKH,point
35.625,79.625,3,LEH,37,LADAKH,point
35.625,79.875,3,LEH,37,LADAKH,point
35.625,80.125,3,LEH,37,LADAKH,point
35.625,80.375,3,LEH,37,LADAKH,overlap
35.875,72.625,3,LEH,37,LADAKH,point
35.875,72.875,3,LEH,37,LADAKH,point
35.875,73.125,3,LEH,37,LADAKH,point
35.875,73.375,3,LEH,37,LADAKH,point
35.875,73.625,3,LEH,37,LADAKH,point
35.875,73.875,3,LEH,37,LADAKH,point
35.875,74.125,3,LEH,37,LADAKH,point
35.875,74.375,3,LEH,37,LADAKH,point
35.875,74.625,3,LEH,37,LADAKH,point
35.875,74.875,3,LEH,37,LADAKH,point
35.875,75.125,3,LEH,37,LADAKH,point
35.875,75.375,3,LEH,37,LADAKH,point
35.875,75.625,3,LEH,37,LADAKH,point
35.875,75.875,3,LEH,37,LADAKH,point
35.875,76.125,3,LEH,37,LADAKH,point
35.875,76.375,3,LEH,37,LADAKH,point
35.875,76.625,3,LEH,37,LADAKH,point
35.875,76.875,3,LEH,37,LADAKH,overlap
35.875,77.125,3,LEH,37,LADAKH,overlap
35.875,78.375,3,LEH,37,LADAKH,overlap
35.875,78.625,3,LEH,37,LADAKH,overlap
35.875,78.875,3,LEH,37,LADAKH,overlap
35.875,79.125,3,LEH,37,LADAKH,overlap
35.875,79.375,3,LEH,37,LADAKH,point
35.875,79.625,3,LEH,37,LADAKH,overlap
35.875,79.875,3,LEH,37,LADAKH,overlap
35.875,80.125,3,LEH,37,LADAKH,overlap
36.125,72.625,3,LEH,37,LADAKH,point
36.125,72.875,3,LEH,37,LADAKH,point
36.125,73.125,3,LEH,37,LADAKH,point
36.125,73.375,3,LEH,37,LADAKH,point
36.125,73.625,3,LEH,37,LADAKH,point
36.125,73.875,3,LEH,37,LADAKH,point
36.125,74.125,3,LEH,37,LADAKH,point
36.125,74.375,3,LEH,37,LADAKH,point
36.125,74.625,3,LEH,37,LADAKH,point
36.125,74.875,3,LEH,37,LADAKH,point
36.125,75.125,3,LEH,37,LADAKH,point
36.125,75.375,3,LEH,37,LADAKH,point
36.125,75.625,3,LEH,37,LADAKH,point
36.125,75.875,3,LEH,37,LADAKH,point
36.125,76.125,3,LEH,37,LADAKH,point
36.125,76.375,3,LEH,37,LADAKH,point
36.125,76.625,3,LEH,37,LADAKH,point
36.125,76.875,3,LEH,37,LADAKH,overlap
36.375,72.625,3,LEH,37,LADAKH,overlap
36.375,72.875,3,LEH,37,LADAKH,point
36.375,73.125,3,LEH,37,LADAKH,point
36.375,73.375,3,LEH,37,LADAKH,point
36.375,73.625,3,LEH,37,LADAKH,point
36.375,73.875,3,LEH,37,LADAKH,point
36.375,74.125,3,LEH,37,LADAKH,point
36.375,74.375,3,LEH,37,LADAKH,point
36.375,74.625,3,LEH,37,LADAKH,point
36.375,74.875,3,LEH,37,LADAKH,point
36.375,75.125,3,LEH,37,LADAKH,point
36.375,75.375,3,LEH,37,LADAKH,point
36.375,75.625,3,LEH,37,LADAKH,point
36.375,75.875,3,LEH,37,LADAKH,point
36.375,76.125,3,LEH,37,LADAKH,point
36.375,76.375,3,LEH,37,LADAKH,overlap
36.625,72.875,3,LEH,37,LADAKH,overlap
36.625,73.125,3,LEH,37,LADAKH,point
36.625,73.375,3,LEH,37,LADAKH,point
36.625,73.625,3,LEH,37,LADAKH,point
36.625,73.875,3,LEH,37,LADAKH,point
36.625,74.125,3,LEH,37,LADAKH,point
36.625,74.375,3,LEH,37,LADAKH,point
36.625,74.625,3,LEH,37,LADAKH,point
36.625,74.875,3,LEH,37,LADAKH,point
36.625,75.125,3,LEH,37,LADAKH,point
36.625,75.375,3,LEH,37,LADAKH,point
36.625,75.625,3,LEH,37,LADAKH,point
36.625,75.875,3,LEH,37,LADAKH,overlap
36.875,73.625,3,LEH,37,LADAKH,overlap
36.875,73.875,3,LEH,37,LADAKH,point
36.875,74.125,3,LEH,37,LADAKH,overlap
36.875,74.375,3,LEH,37,LADAKH,point
36.875,74.625,3,LEH,37,LADAKH,point
36.875,74.875,3,LEH,37,LADAKH,point
36.875,75.125,3,LEH,37,LADAKH,point
36.875,75.375,3,LEH,37,LADAKH,point
36.875,75.625,3,LEH,37,LADAKH,overlap
37.125,74.625,3,LEH,37,LADAKH,overlap
37.125,74.875,3,LEH,37,LADAKH,overlap
37.125,75.125,3,LEH,37,LADAKH,overlap
37.125,75.375,3,LEH,37,LADAKH,overlap
